grade	gene	exprs
G2	TP53	5.024
G2	KRAS	4.3219
G2	BRAF	2.8849
G2	AKT1	4.1232
G2	CD274	2.3303
G2	CTCF	4.1709
G2	EP300	4.0748
G3	TP53	5.6809
G3	KRAS	4.0792
G3	BRAF	3.2641
G3	AKT1	5.6343
G3	CD274	2.0679
G3	CTCF	4.5503
G3	EP300	5.0826
G2	TP53	3.0276
G2	KRAS	2.9081
G2	BRAF	2.3309
G2	AKT1	4.6405
G2	CD274	2.1657
G2	CTCF	3.856
G2	EP300	4.1327
G3	TP53	5.8039
G3	KRAS	5.0712
G3	BRAF	3.5006
G3	AKT1	4.8631
G3	CD274	2.3302
G3	CTCF	4.1541
G3	EP300	5.0147
G3	TP53	3.1297
G3	KRAS	4.9874
G3	BRAF	3.3991
G3	AKT1	5.2631
G3	CD274	3.1073
G3	CTCF	4.5062
G3	EP300	4.9386
G2	TP53	4.6812
G2	KRAS	4.4507
G2	BRAF	2.9644
G2	AKT1	5.04
G2	CD274	2.2751
G2	CTCF	4.3676
G2	EP300	4.701
G2	TP53	4.7976
G2	KRAS	4.0513
G2	BRAF	2.8602
G2	AKT1	4.6416
G2	CD274	3.0197
G2	CTCF	4.4828
G2	EP300	4.3629
G2	TP53	4.6682
G2	KRAS	4.1088
G2	BRAF	2.5462
G2	AKT1	4.4481
G2	CD274	2.4744
G2	CTCF	3.9023
G2	EP300	4.0116
G1	TP53	4.4323
G1	KRAS	4.5081
G1	BRAF	2.6883
G1	AKT1	4.2916
G1	CD274	2.1304
G1	CTCF	4.3708
G1	EP300	4.7604
G3	TP53	5.5191
G3	KRAS	4.936
G3	BRAF	3.1898
G3	AKT1	4.5159
G3	CD274	2.4984
G3	CTCF	4.6693
G3	EP300	4.9272
G3	TP53	4.5156
G3	KRAS	4.2165
G3	BRAF	2.9655
G3	AKT1	4.3748
G3	CD274	2.4889
G3	CTCF	4.11
G3	EP300	5.0168
G2	TP53	3.6178
G2	KRAS	3.3031
G2	BRAF	2.5293
G2	AKT1	4.5027
G2	CD274	2.202
G2	CTCF	3.5726
G2	EP300	3.5726
G3	TP53	4.2146
G3	KRAS	3.7827
G3	BRAF	2.8549
G3	AKT1	3.9216
G3	CD274	2.4553
G3	CTCF	4.0093
G3	EP300	4.4572
G2	TP53	4.6727
G2	KRAS	4.2355
G2	BRAF	2.7737
G2	AKT1	4.7204
G2	CD274	2.6503
G2	CTCF	4.277
G2	EP300	4.68
G4	TP53	5.1367
G4	KRAS	3.0306
G4	BRAF	2.6607
G4	AKT1	3.2399
G4	CD274	2.1457
G4	CTCF	3.6897
G4	EP300	3.0826
G3	TP53	3.141
G3	KRAS	3.5614
G3	BRAF	2.7378
G3	AKT1	3.4535
G3	CD274	2.2438
G3	CTCF	3.6456
G3	EP300	4.1369
G3	TP53	5.137
G3	KRAS	3.4926
G3	BRAF	2.699
G3	AKT1	5.0456
G3	CD274	2.5
G3	CTCF	4.1756
G3	EP300	3.879
G1	TP53	4.74
G1	KRAS	3.8476
G1	BRAF	2.6983
G1	AKT1	4.7193
G1	CD274	2.4622
G1	CTCF	4.4605
G1	EP300	4.8941
G3	TP53	5.0213
G3	KRAS	3.8296
G3	BRAF	2.3434
G3	AKT1	3.989
G3	CD274	2.4637
G3	CTCF	3.9244
G3	EP300	2.9864
G2	TP53	4.4234
G2	KRAS	3.4789
G2	BRAF	2.5003
G2	AKT1	4.6981
G2	CD274	2.4085
G2	CTCF	4.0997
G2	EP300	3.6515
G2	TP53	3.9125
G2	KRAS	3.7622
G2	BRAF	2.8282
G2	AKT1	5.4145
G2	CD274	2.3466
G2	CTCF	4.6209
G2	EP300	5.0102
G2	TP53	3.4412
G2	KRAS	2.9778
G2	BRAF	2.3375
G2	AKT1	3.9125
G2	CD274	2.0987
G2	CTCF	3.1062
G2	EP300	2.7814
G2	TP53	5.8184
G2	KRAS	4.2874
G2	BRAF	3.2387
G2	AKT1	4.3294
G2	CD274	2.7959
G2	CTCF	4.5575
G2	EP300	4.7126
G1	TP53	4.2022
G1	KRAS	3.7096
G1	BRAF	2.7551
G1	AKT1	4.5877
G1	CD274	2.5105
G1	CTCF	3.9105
G1	EP300	4.1233
G2	TP53	5.5098
G2	KRAS	4.3139
G2	BRAF	3.2285
G2	AKT1	4.7751
G2	CD274	2.2641
G2	CTCF	4.5986
G2	EP300	4.5937
G2	TP53	6.3171
G2	KRAS	4.2947
G2	BRAF	2.9416
G2	AKT1	4.1476
G2	CD274	2.213
G2	CTCF	3.9023
G2	EP300	4.2511
G3	TP53	4.7034
G3	KRAS	4.6393
G3	BRAF	3.2607
G3	AKT1	4.4225
G3	CD274	2.1676
G3	CTCF	4.0158
G3	EP300	4.145
G3	TP53	5.9883
G3	KRAS	4.6396
G3	BRAF	3.205
G3	AKT1	5.3509
G3	CD274	2.8692
G3	CTCF	4.4913
G3	EP300	5.3925
G2	TP53	4.5276
G2	KRAS	4.2593
G2	BRAF	2.6617
G2	AKT1	5.0512
G2	CD274	2.5486
G2	CTCF	4.4914
G2	EP300	4.4036
G3	TP53	6.1185
G3	KRAS	4.1267
G3	BRAF	3.4679
G3	AKT1	4.897
G3	CD274	2.3497
G3	CTCF	4.9103
G3	EP300	5.5359
G2	TP53	4.3502
G2	KRAS	3.4247
G2	BRAF	2.5215
G2	AKT1	5.2341
G2	CD274	4.0681
G2	CTCF	4.4058
G2	EP300	4.4402
G2	TP53	3.6877
G2	KRAS	5.0264
G2	BRAF	2.8408
G2	AKT1	5.1889
G2	CD274	2.3507
G2	CTCF	4.2601
G2	EP300	4.659
G3	TP53	5.0776
G3	KRAS	3.431
G3	BRAF	2.6683
G3	AKT1	4.2943
G3	CD274	2.1859
G3	CTCF	3.4552
G3	EP300	3.4381
G3	TP53	5.3196
G3	KRAS	4.7859
G3	BRAF	3.3096
G3	AKT1	5.5555
G3	CD274	2.2742
G3	CTCF	4.7027
G3	EP300	5.4463
G1	TP53	4.9502
G1	KRAS	4.3874
G1	BRAF	3.5786
G1	AKT1	4.0842
G1	CD274	2.4694
G1	CTCF	4.1472
G1	EP300	4.3155
G2	TP53	4.5312
G2	KRAS	3.8182
G2	BRAF	2.9449
G2	AKT1	4.5833
G2	CD274	2.2975
G2	CTCF	4.0271
G2	EP300	3.7694
G4	TP53	5.1594
G4	KRAS	4.3418
G4	BRAF	2.9485
G4	AKT1	5.4768
G4	CD274	2.7567
G4	CTCF	4.5373
G4	EP300	5.1884
G2	TP53	4.3388
G2	KRAS	4.1454
G2	BRAF	2.5685
G2	AKT1	5.2727
G2	CD274	2.42
G2	CTCF	4.0581
G2	EP300	3.5415
G2	TP53	5.0888
G2	KRAS	4.0614
G2	BRAF	2.7949
G2	AKT1	4.7613
G2	CD274	2.2938
G2	CTCF	4.0572
G2	EP300	4.6539
G1	TP53	4.3395
G1	KRAS	3.1164
G1	BRAF	2.6781
G1	AKT1	4.1189
G1	CD274	2.2141
G1	CTCF	4.1338
G1	EP300	4.0195
G2	TP53	4.6011
G2	KRAS	3.7934
G2	BRAF	2.4824
G2	AKT1	4.6637
G2	CD274	2.2362
G2	CTCF	4.0454
G2	EP300	3.9268
G1	TP53	4.9613
G1	KRAS	3.9784
G1	BRAF	3.4024
G1	AKT1	4.9715
G1	CD274	2.8769
G1	CTCF	4.4426
G1	EP300	4.5333
G2	TP53	4.7048
G2	KRAS	3.2831
G2	BRAF	2.4464
G2	AKT1	3.4612
G2	CD274	2.1775
G2	CTCF	3.889
G2	EP300	3.3798
G2	TP53	4.656
G2	KRAS	3.5755
G2	BRAF	2.4384
G2	AKT1	3.7447
G2	CD274	2.2949
G2	CTCF	3.7922
G2	EP300	3.138
G3	TP53	4.8155
G3	KRAS	3.5571
G3	BRAF	2.6559
G3	AKT1	2.7704
G3	CD274	2.053
G3	CTCF	3.3362
G3	EP300	3.163
G3	TP53	5.9467
G3	KRAS	4.5876
G3	BRAF	3.0074
G3	AKT1	4.5133
G3	CD274	3.6153
G3	CTCF	4.9855
G3	EP300	4.5909
G2	TP53	3.8196
G2	KRAS	3.0405
G2	BRAF	2.3591
G2	AKT1	3.0424
G2	CD274	2.3382
G2	CTCF	3.0995
G2	EP300	2.473
G3	TP53	4.5389
G3	KRAS	4.3278
G3	BRAF	2.8153
G3	AKT1	3.9727
G3	CD274	2.1989
G3	CTCF	3.918
G3	EP300	4.1304
G2	TP53	5.5472
G2	KRAS	4.884
G2	BRAF	3.0482
G2	AKT1	5.0275
G2	CD274	2.2922
G2	CTCF	4.0738
G2	EP300	4.7963
G2	TP53	4.1127
G2	KRAS	3.8133
G2	BRAF	2.6833
G2	AKT1	4.6049
G2	CD274	2.3919
G2	CTCF	4.0098
G2	EP300	4.7223
G1	TP53	3.1287
G1	KRAS	4.1119
G1	BRAF	2.6736
G1	AKT1	4.7772
G1	CD274	2.4596
G1	CTCF	3.3748
G1	EP300	3.3776
G3	TP53	5.2908
G3	KRAS	4.5843
G3	BRAF	2.9999
G3	AKT1	4.507
G3	CD274	2.1189
G3	CTCF	4.0233
G3	EP300	4.8512
G3	TP53	4.7314
G3	KRAS	4.5365
G3	BRAF	2.6346
G3	AKT1	4.1607
G3	CD274	2.207
G3	CTCF	4.1731
G3	EP300	4.5276
G1	TP53	4.0179
G1	KRAS	3.3462
G1	BRAF	2.5025
G1	AKT1	4.344
G1	CD274	2.3306
G1	CTCF	3.5825
G1	EP300	4.0486
G2	TP53	4.7578
G2	KRAS	3.2403
G2	BRAF	2.423
G2	AKT1	3.7588
G2	CD274	2.2937
G2	CTCF	3.1969
G2	EP300	3.3251
G1	TP53	5.0392
G1	KRAS	4.4282
G1	BRAF	2.9905
G1	AKT1	4.5273
G1	CD274	2.1431
G1	CTCF	4.4842
G1	EP300	5.6528
G4	TP53	3.2947
G4	KRAS	3.4563
G4	BRAF	2.8267
G4	AKT1	3.5573
G4	CD274	2.3146
G4	CTCF	4.125
G4	EP300	3.3686
G2	TP53	4.0267
G2	KRAS	3.6669
G2	BRAF	2.5273
G2	AKT1	3.8707
G2	CD274	2.4116
G2	CTCF	3.8254
G2	EP300	2.8117
G2	TP53	3.9088
G2	KRAS	3.6745
G2	BRAF	2.6519
G2	AKT1	5.3087
G2	CD274	2.8237
G2	CTCF	4.1018
G2	EP300	4.2914
G2	TP53	3.7198
G2	KRAS	3.7875
G2	BRAF	2.5705
G2	AKT1	4.8215
G2	CD274	2.6633
G2	CTCF	4.1188
G2	EP300	4.3405
G2	TP53	3.5979
G2	KRAS	4.109
G2	BRAF	2.6204
G2	AKT1	4.9634
G2	CD274	2.491
G2	CTCF	4.3651
G2	EP300	4.3185
G2	TP53	4.6361
G2	KRAS	3.7654
G2	BRAF	2.964
G2	AKT1	4.4025
G2	CD274	2.2884
G2	CTCF	4.4185
G2	EP300	4.7584
G1	TP53	4.3294
G1	KRAS	4.4525
G1	BRAF	2.5973
G1	AKT1	4.6817
G1	CD274	2.6811
G1	CTCF	4.4496
G1	EP300	3.6863
G2	TP53	3.1081
G2	KRAS	3.4919
G2	BRAF	3.0856
G2	AKT1	4.5321
G2	CD274	2.3461
G2	CTCF	4.4858
G2	EP300	4.496
G3	TP53	5.4724
G3	KRAS	3.9385
G3	BRAF	3.0727
G3	AKT1	5.5751
G3	CD274	2.4276
G3	CTCF	5.1138
G3	EP300	5.5819
G3	TP53	5.1626
G3	KRAS	3.771
G3	BRAF	2.7014
G3	AKT1	4.7737
G3	CD274	3.9732
G3	CTCF	4.4651
G3	EP300	4.104
G2	TP53	4.585
G2	KRAS	3.5463
G2	BRAF	2.7159
G2	AKT1	4.4891
G2	CD274	2.3974
G2	CTCF	4.1533
G2	EP300	4.5342
G1	TP53	3.9914
G1	KRAS	3.4169
G1	BRAF	2.626
G1	AKT1	4.3812
G1	CD274	2.3506
G1	CTCF	3.6616
G1	EP300	3.9386
G2	TP53	4.2611
G2	KRAS	3.8216
G2	BRAF	2.7599
G2	AKT1	4.6695
G2	CD274	2.5267
G2	CTCF	3.9188
G2	EP300	4.6346
G2	TP53	3.8575
G2	KRAS	4.5875
G2	BRAF	2.9816
G2	AKT1	4.8567
G2	CD274	2.2891
G2	CTCF	4.0427
G2	EP300	4.7832
G2	TP53	6.5271
G2	KRAS	4.6091
G2	BRAF	2.6236
G2	AKT1	4.7314
G2	CD274	2.2507
G2	CTCF	4.5145
G2	EP300	4.3096
G2	TP53	5.2249
G2	KRAS	4.4993
G2	BRAF	2.7311
G2	AKT1	5.2649
G2	CD274	2.9819
G2	CTCF	4.0903
G2	EP300	3.9912
G2	TP53	6.0727
G2	KRAS	3.7919
G2	BRAF	3.1034
G2	AKT1	4.2479
G2	CD274	2.3684
G2	CTCF	3.8278
G2	EP300	4.2396
G2	TP53	3.8802
G2	KRAS	3.571
G2	BRAF	2.732
G2	AKT1	4.6603
G2	CD274	2.1613
G2	CTCF	3.9358
G2	EP300	4.0623
G2	TP53	4.2222
G2	KRAS	3.9697
G2	BRAF	2.6413
G2	AKT1	4.4738
G2	CD274	2.5436
G2	CTCF	3.7805
G2	EP300	4.2718
G3	TP53	4.9906
G3	KRAS	4.0697
G3	BRAF	3.7022
G3	AKT1	4.8301
G3	CD274	2.6471
G3	CTCF	3.7822
G3	EP300	3.8822
G3	TP53	5.1313
G3	KRAS	4.4182
G3	BRAF	3.1156
G3	AKT1	4.3635
G3	CD274	2.3928
G3	CTCF	4.7531
G3	EP300	4.4946
G3	TP53	4.3196
G3	KRAS	3.7302
G3	BRAF	2.6755
G3	AKT1	3.3354
G3	CD274	2.1362
G3	CTCF	4.2905
G3	EP300	4.1395
G2	TP53	4.876
G2	KRAS	4.3255
G2	BRAF	3.1439
G2	AKT1	5.0571
G2	CD274	2.3641
G2	CTCF	4.2253
G2	EP300	4.6632
G2	TP53	4.3833
G2	KRAS	3.546
G2	BRAF	2.4957
G2	AKT1	4.5327
G2	CD274	2.1799
G2	CTCF	3.9378
G2	EP300	3.3981
G3	TP53	5.9955
G3	KRAS	4.4989
G3	BRAF	2.9182
G3	AKT1	4.4966
G3	CD274	2.0869
G3	CTCF	3.771
G3	EP300	4.3452
G2	TP53	5.0671
G2	KRAS	4.2797
G2	BRAF	2.6982
G2	AKT1	4.9076
G2	CD274	2.594
G2	CTCF	3.9254
G2	EP300	4.7123
G2	TP53	4.8937
G2	KRAS	3.6473
G2	BRAF	2.547
G2	AKT1	4.5885
G2	CD274	2.6782
G2	CTCF	3.9233
G2	EP300	3.9694
G2	TP53	5.5521
G2	KRAS	4.3482
G2	BRAF	2.864
G2	AKT1	4.5951
G2	CD274	2.3678
G2	CTCF	5.0833
G2	EP300	5.5394
G2	TP53	4.194
G2	KRAS	4.0815
G2	BRAF	2.6962
G2	AKT1	5.7091
G2	CD274	2.3865
G2	CTCF	4.3315
G2	EP300	5.0021
G2	TP53	3.5198
G2	KRAS	4.0436
G2	BRAF	3.0023
G2	AKT1	5.1015
G2	CD274	2.6822
G2	CTCF	4.5957
G2	EP300	4.9283
G2	TP53	5.2001
G2	KRAS	7.3383
G2	BRAF	3.0242
G2	AKT1	4.9774
G2	CD274	2.7995
G2	CTCF	4.8026
G2	EP300	4.6103
G3	TP53	5.2254
G3	KRAS	4.6263
G3	BRAF	3.1111
G3	AKT1	5.418
G3	CD274	2.3091
G3	CTCF	4.2953
G3	EP300	4.9839
G1	TP53	5.3354
G1	KRAS	3.5141
G1	BRAF	2.5901
G1	AKT1	5.0892
G1	CD274	2.3609
G1	CTCF	3.9848
G1	EP300	4.0395
G2	TP53	4.7256
G2	KRAS	4.6113
G2	BRAF	2.8125
G2	AKT1	5.8977
G2	CD274	2.6031
G2	CTCF	4.4085
G2	EP300	5.326
G3	TP53	5.2839
G3	KRAS	4.4088
G3	BRAF	2.5229
G3	AKT1	4.942
G3	CD274	3.542
G3	CTCF	4.3774
G3	EP300	4.4365
G2	TP53	3.4548
G2	KRAS	3.4642
G2	BRAF	2.6851
G2	AKT1	5.0833
G2	CD274	2.1943
G2	CTCF	3.7743
G2	EP300	3.8235
G3	TP53	4.1286
G3	KRAS	3.554
G3	BRAF	2.5322
G3	AKT1	3.5989
G3	CD274	2.125
G3	CTCF	3.8172
G3	EP300	3.2679
G3	TP53	5.2381
G3	KRAS	3.6172
G3	BRAF	2.6713
G3	AKT1	4.627
G3	CD274	2.8577
G3	CTCF	4.652
G3	EP300	4.4032
G3	TP53	4.3577
G3	KRAS	3.6675
G3	BRAF	2.9488
G3	AKT1	4.5412
G3	CD274	2.3873
G3	CTCF	4.1142
G3	EP300	4.5777
G2	TP53	2.8802
G2	KRAS	4.0598
G2	BRAF	2.2969
G2	AKT1	3.7611
G2	CD274	2.1487
G2	CTCF	3.8797
G2	EP300	3.2633
G3	TP53	5.4268
G3	KRAS	4.7098
G3	BRAF	3.0633
G3	AKT1	4.2469
G3	CD274	3.1198
G3	CTCF	4.3069
G3	EP300	4.3692
G3	TP53	4.8419
G3	KRAS	5.1053
G3	BRAF	3.1076
G3	AKT1	4.3405
G3	CD274	2.5488
G3	CTCF	4.707
G3	EP300	5.1251
G2	TP53	4.5298
G2	KRAS	5.1937
G2	BRAF	2.5687
G2	AKT1	5.4368
G2	CD274	2.1766
G2	CTCF	4.2531
G2	EP300	5.2527
G2	TP53	4.2042
G2	KRAS	3.7541
G2	BRAF	2.8785
G2	AKT1	5.2541
G2	CD274	2.8576
G2	CTCF	4.3935
G2	EP300	5.1551
G2	TP53	4.3594
G2	KRAS	3.5921
G2	BRAF	2.3764
G2	AKT1	4.7334
G2	CD274	2.4937
G2	CTCF	3.7919
G2	EP300	3.4512
G2	TP53	4.5563
G2	KRAS	4.0734
G2	BRAF	2.5855
G2	AKT1	4.5663
G2	CD274	3.8973
G2	CTCF	4.2081
G2	EP300	4.1117
G3	TP53	3.9461
G3	KRAS	4.0955
G3	BRAF	2.7642
G3	AKT1	4.5838
G3	CD274	2.2717
G3	CTCF	4.1617
G3	EP300	4.4664
G2	TP53	3.9101
G2	KRAS	3.6814
G2	BRAF	2.5989
G2	AKT1	4.4005
G2	CD274	2.3407
G2	CTCF	3.7615
G2	EP300	3.3174
G3	TP53	5.4645
G3	KRAS	3.7469
G3	BRAF	2.5386
G3	AKT1	4.6559
G3	CD274	2.34
G3	CTCF	3.6681
G3	EP300	3.5837
G2	TP53	6.2881
G2	KRAS	4.3356
G2	BRAF	2.9524
G2	AKT1	4.693
G2	CD274	2.2671
G2	CTCF	4.9274
G2	EP300	5.0635
G1	TP53	2.8877
G1	KRAS	3.6743
G1	BRAF	2.6601
G1	AKT1	4.1779
G1	CD274	2.3137
G1	CTCF	3.4792
G1	EP300	3.2927
G1	TP53	4.7575
G1	KRAS	3.6205
G1	BRAF	2.8174
G1	AKT1	3.8204
G1	CD274	2.591
G1	CTCF	3.5265
G1	EP300	3.223
G3	TP53	5.9137
G3	KRAS	4.1234
G3	BRAF	2.9816
G3	AKT1	4.6515
G3	CD274	5.0273
G3	CTCF	4.8172
G3	EP300	4.1366
G3	TP53	4.0163
G3	KRAS	4.2609
G3	BRAF	2.5369
G3	AKT1	4.1373
G3	CD274	2.157
G3	CTCF	3.7928
G3	EP300	3.8011
G3	TP53	5.4526
G3	KRAS	3.8464
G3	BRAF	2.9214
G3	AKT1	4.882
G3	CD274	2.0812
G3	CTCF	4.1943
G3	EP300	3.53
G3	TP53	5.3337
G3	KRAS	4.4722
G3	BRAF	2.8792
G3	AKT1	4.5921
G3	CD274	2.3924
G3	CTCF	4.1983
G3	EP300	4.2612
G3	TP53	5.3694
G3	KRAS	4.3952
G3	BRAF	2.9802
G3	AKT1	4.4471
G3	CD274	2.2519
G3	CTCF	4.291
G3	EP300	5.296
G2	TP53	5.1265
G2	KRAS	3.4486
G2	BRAF	3.0835
G2	AKT1	4.2029
G2	CD274	2.9397
G2	CTCF	3.8626
G2	EP300	3.969
G2	TP53	4.4804
G2	KRAS	3.547
G2	BRAF	2.5486
G2	AKT1	5.3353
G2	CD274	2.3178
G2	CTCF	4.1003
G2	EP300	4.428
G4	TP53	4.6376
G4	KRAS	4.0798
G4	BRAF	3.307
G4	AKT1	4.196
G4	CD274	2.3303
G4	CTCF	4.6833
G4	EP300	5.2947
G3	TP53	5.768
G3	KRAS	5.0586
G3	BRAF	2.7977
G3	AKT1	4.9698
G3	CD274	2.2223
G3	CTCF	4.24
G3	EP300	5.3857
G2	TP53	5.424
G2	KRAS	4.0161
G2	BRAF	2.675
G2	AKT1	4.9458
G2	CD274	2.2285
G2	CTCF	4.135
G2	EP300	4.1964
G2	TP53	4.0682
G2	KRAS	3.0904
G2	BRAF	2.5053
G2	AKT1	4.4543
G2	CD274	2.3461
G2	CTCF	3.6465
G2	EP300	4.0391
G1	TP53	3.5947
G1	KRAS	3.1634
G1	BRAF	2.6422
G1	AKT1	4.4825
G1	CD274	2.1524
G1	CTCF	3.9148
G1	EP300	4.4571
G3	TP53	5.2434
G3	KRAS	4.2601
G3	BRAF	2.893
G3	AKT1	5.1742
G3	CD274	2.4637
G3	CTCF	4.0717
G3	EP300	5.0561
G2	TP53	4.6949
G2	KRAS	4.024
G2	BRAF	2.8725
G2	AKT1	5.7962
G2	CD274	3.1573
G2	CTCF	4.3689
G2	EP300	4.5965
G4	TP53	3.8154
G4	KRAS	5.0049
G4	BRAF	2.9723
G4	AKT1	4.1019
G4	CD274	2.9146
G4	CTCF	4.4154
G4	EP300	4.5053
G1	TP53	4.3615
G1	KRAS	3.3463
G1	BRAF	2.2724
G1	AKT1	3.1294
G1	CD274	2.6584
G1	CTCF	3.6755
G1	EP300	3.1418
G2	TP53	5.7817
G2	KRAS	4.9435
G2	BRAF	3.3718
G2	AKT1	5.2565
G2	CD274	4.1964
G2	CTCF	5.2742
G2	EP300	5.4615
G3	TP53	4.8091
G3	KRAS	4.8862
G3	BRAF	2.8483
G3	AKT1	4.8895
G3	CD274	2.9824
G3	CTCF	4.1073
G3	EP300	5.3427
G2	TP53	4.476
G2	KRAS	3.593
G2	BRAF	2.7125
G2	AKT1	4.2381
G2	CD274	2.2308
G2	CTCF	3.9692
G2	EP300	3.9697
G2	TP53	5.1358
G2	KRAS	3.9214
G2	BRAF	2.5846
G2	AKT1	4.7324
G2	CD274	2.2006
G2	CTCF	3.9307
G2	EP300	3.9476
G1	TP53	5.0898
G1	KRAS	5.125
G1	BRAF	3.1224
G1	AKT1	6.0113
G1	CD274	2.103
G1	CTCF	4.5637
G1	EP300	5.7215
G3	TP53	5.2524
G3	KRAS	4.7585
G3	BRAF	3.2469
G3	AKT1	5.2129
G3	CD274	2.321
G3	CTCF	4.8008
G3	EP300	5.468
G2	TP53	4.7839
G2	KRAS	4.1214
G2	BRAF	2.8231
G2	AKT1	4.6863
G2	CD274	2.8387
G2	CTCF	4.3911
G2	EP300	4.7148
G1	TP53	3.9951
G1	KRAS	3.3128
G1	BRAF	2.4943
G1	AKT1	4.9074
G1	CD274	2.7461
G1	CTCF	4.198
G1	EP300	5.1765
G2	TP53	3.8821
G2	KRAS	4.3948
G2	BRAF	3.1644
G2	AKT1	4.1774
G2	CD274	2.2547
G2	CTCF	4.0001
G2	EP300	4.8865
G3	TP53	3.0722
G3	KRAS	3.5599
G3	BRAF	2.4937
G3	AKT1	3.6116
G3	CD274	2.2627
G3	CTCF	3.8892
G3	EP300	3.5531
G3	TP53	4.6568
G3	KRAS	4.0429
G3	BRAF	2.5712
G3	AKT1	3.2093
G3	CD274	2.1753
G3	CTCF	3.8594
G3	EP300	3.5291
G1	TP53	4.9634
G1	KRAS	4.5674
G1	BRAF	2.5992
G1	AKT1	5.1021
G1	CD274	2.8532
G1	CTCF	4.4711
G1	EP300	4.313
G3	TP53	4.5234
G3	KRAS	4.115
G3	BRAF	3.0761
G3	AKT1	3.9799
G3	CD274	2.4352
G3	CTCF	4.5385
G3	EP300	4.0943
G1	TP53	4.2226
G1	KRAS	3.6644
G1	BRAF	2.5742
G1	AKT1	4.5183
G1	CD274	2.2777
G1	CTCF	3.6947
G1	EP300	4.1274
G3	TP53	3.6607
G3	KRAS	3.9467
G3	BRAF	2.4553
G3	AKT1	4.8384
G3	CD274	2.597
G3	CTCF	4.0802
G3	EP300	3.9556
G1	TP53	4.083
G1	KRAS	4.242
G1	BRAF	2.8048
G1	AKT1	5.4832
G1	CD274	2.404
G1	CTCF	4.2701
G1	EP300	4.7979
G2	TP53	5.5841
G2	KRAS	3.8964
G2	BRAF	2.7743
G2	AKT1	4.6377
G2	CD274	2.4543
G2	CTCF	4.2736
G2	EP300	4.4668
G3	TP53	5.0889
G3	KRAS	4.3173
G3	BRAF	2.8405
G3	AKT1	4.2934
G3	CD274	2.4332
G3	CTCF	4.2626
G3	EP300	4.3673
G1	TP53	4.5285
G1	KRAS	2.9675
G1	BRAF	2.6389
G1	AKT1	3.0944
G1	CD274	2.0979
G1	CTCF	3.4562
G1	EP300	3.2999
G3	TP53	3.1276
G3	KRAS	3.944
G3	BRAF	3.0645
G3	AKT1	4.9755
G3	CD274	2.3291
G3	CTCF	4.9969
G3	EP300	4.4511
G2	TP53	4.0068
G2	KRAS	4.798
G2	BRAF	3.0505
G2	AKT1	5.1428
G2	CD274	2.5864
G2	CTCF	4.7067
G2	EP300	4.8937
G3	TP53	4.5032
G3	KRAS	3.736
G3	BRAF	2.5621
G3	AKT1	3.0809
G3	CD274	2.2964
G3	CTCF	3.5838
G3	EP300	3.1071
G2	TP53	4.3861
G2	KRAS	3.6531
G2	BRAF	2.6059
G2	AKT1	4.9138
G2	CD274	2.7009
G2	CTCF	3.9306
G2	EP300	3.7666
G2	TP53	3.4699
G2	KRAS	3.7847
G2	BRAF	2.7938
G2	AKT1	4.7013
G2	CD274	2.3673
G2	CTCF	4.0121
G2	EP300	3.9091
G3	TP53	5.7557
G3	KRAS	3.9969
G3	BRAF	3.1289
G3	AKT1	5.679
G3	CD274	3.3624
G3	CTCF	4.5621
G3	EP300	5.6556
G3	TP53	4.1943
G3	KRAS	4.0671
G3	BRAF	2.7129
G3	AKT1	4.9081
G3	CD274	2.5167
G3	CTCF	4.0405
G3	EP300	3.6123
G2	TP53	5.1714
G2	KRAS	3.7205
G2	BRAF	2.6638
G2	AKT1	4.0853
G2	CD274	2.7981
G2	CTCF	4.4376
G2	EP300	3.7302
G1	TP53	4.6181
G1	KRAS	4.1964
G1	BRAF	2.7675
G1	AKT1	4.9611
G1	CD274	2.8803
G1	CTCF	4.0762
G1	EP300	4.3403
G3	TP53	5.1386
G3	KRAS	4.8617
G3	BRAF	3.0175
G3	AKT1	5.2768
G3	CD274	2.1735
G3	CTCF	4.1744
G3	EP300	4.8131
G2	TP53	4.9872
G2	KRAS	4.0246
G2	BRAF	3.0229
G2	AKT1	4.2814
G2	CD274	2.1426
G2	CTCF	3.9676
G2	EP300	4.4545
G3	TP53	4.2145
G3	KRAS	3.1937
G3	BRAF	2.6203
G3	AKT1	4.8899
G3	CD274	2.2682
G3	CTCF	3.8801
G3	EP300	3.171
G3	TP53	2.6719
G3	KRAS	2.4995
G3	BRAF	2.4364
G3	AKT1	3.1325
G3	CD274	2.137
G3	CTCF	3.6857
G3	EP300	3.346
G2	TP53	4.3382
G2	KRAS	4.9342
G2	BRAF	2.9511
G2	AKT1	5.184
G2	CD274	2.547
G2	CTCF	4.5438
G2	EP300	5.1052
G2	TP53	3.8127
G2	KRAS	3.8374
G2	BRAF	2.8197
G2	AKT1	4.5894
G2	CD274	2.5282
G2	CTCF	3.8157
G2	EP300	4.0467
G2	TP53	3.3044
G2	KRAS	3.9522
G2	BRAF	3.1295
G2	AKT1	5.4179
G2	CD274	2.2723
G2	CTCF	4.4443
G2	EP300	5.09
G4	TP53	5.847
G4	KRAS	4.1592
G4	BRAF	3.1431
G4	AKT1	4.2056
G4	CD274	2.1476
G4	CTCF	4.1918
G4	EP300	4.4984
G2	TP53	2.8138
G2	KRAS	5.8739
G2	BRAF	3.4231
G2	AKT1	5.0425
G2	CD274	2.2586
G2	CTCF	5.3542
G2	EP300	4.9695
G4	TP53	5.6779
G4	KRAS	4.8741
G4	BRAF	3.1879
G4	AKT1	4.5561
G4	CD274	2.7004
G4	CTCF	4.424
G4	EP300	4.9977
G3	TP53	3.0923
G3	KRAS	3.3435
G3	BRAF	2.8573
G3	AKT1	4.992
G3	CD274	2.6669
G3	CTCF	4.7182
G3	EP300	4.7177
G2	TP53	6.0226
G2	KRAS	4.5754
G2	BRAF	3.1992
G2	AKT1	4.8909
G2	CD274	2.1791
G2	CTCF	4.9939
G2	EP300	5.1345
G2	TP53	3.8554
G2	KRAS	4.4706
G2	BRAF	2.7827
G2	AKT1	5.2065
G2	CD274	2.3914
G2	CTCF	4.0007
G2	EP300	4.1037
G2	TP53	3.959
G2	KRAS	3.2017
G2	BRAF	2.3855
G2	AKT1	4.8327
G2	CD274	2.2709
G2	CTCF	3.4142
G2	EP300	3.8844
G3	TP53	6.2472
G3	KRAS	3.9059
G3	BRAF	3.0295
G3	AKT1	5.1309
G3	CD274	2.1401
G3	CTCF	3.8431
G3	EP300	4.4832
G3	TP53	4.3704
G3	KRAS	3.5798
G3	BRAF	2.512
G3	AKT1	4.4231
G3	CD274	2.981
G3	CTCF	4.4168
G3	EP300	4.182
G2	TP53	4.0369
G2	KRAS	3.8104
G2	BRAF	2.4441
G2	AKT1	4.4887
G2	CD274	2.24
G2	CTCF	3.7678
G2	EP300	3.8158
G2	TP53	4.0946
G2	KRAS	4.9441
G2	BRAF	3.1912
G2	AKT1	4.5214
G2	CD274	2.4245
G2	CTCF	4.3339
G2	EP300	5.4618
G1	TP53	4.2485
G1	KRAS	4.5471
G1	BRAF	2.8491
G1	AKT1	4.375
G1	CD274	3.247
G1	CTCF	3.7943
G1	EP300	3.7819
G2	TP53	4.5407
G2	KRAS	3.9246
G2	BRAF	2.7898
G2	AKT1	4.2061
G2	CD274	2.2192
G2	CTCF	3.7941
G2	EP300	3.9309
G3	TP53	3.9228
G3	KRAS	3.8805
G3	BRAF	2.5529
G3	AKT1	4.8273
G3	CD274	4.4173
G3	CTCF	4.5302
G3	EP300	4.6649
G2	TP53	4.2564
G2	KRAS	3.9011
G2	BRAF	2.9705
G2	AKT1	4.5507
G2	CD274	2.433
G2	CTCF	4.4031
G2	EP300	4.4907
G3	TP53	5.7493
G3	KRAS	4.2467
G3	BRAF	3.4962
G3	AKT1	4.6852
G3	CD274	2.1237
G3	CTCF	4.4382
G3	EP300	4.8711
G2	TP53	4.4676
G2	KRAS	4.1801
G2	BRAF	2.9862
G2	AKT1	5.3356
G2	CD274	2.392
G2	CTCF	4.3426
G2	EP300	4.751
G4	TP53	6.8488
G4	KRAS	4.4111
G4	BRAF	3.1496
G4	AKT1	4.751
G4	CD274	2.1906
G4	CTCF	5.0241
G4	EP300	4.3433
G3	TP53	4.5059
G3	KRAS	4.0053
G3	BRAF	2.6791
G3	AKT1	4.9588
G3	CD274	3.2004
G3	CTCF	4.5542
G3	EP300	5.2666
G3	TP53	4.9813
G3	KRAS	3.714
G3	BRAF	2.3095
G3	AKT1	3.7159
G3	CD274	2.1583
G3	CTCF	3.2033
G3	EP300	2.9933
G3	TP53	4.24
G3	KRAS	4.0249
G3	BRAF	2.687
G3	AKT1	4.8362
G3	CD274	2.891
G3	CTCF	3.947
G3	EP300	3.7726
G1	TP53	4.2988
G1	KRAS	4.0636
G1	BRAF	2.7676
G1	AKT1	4.5147
G1	CD274	2.3355
G1	CTCF	4.1262
G1	EP300	4.0711
G3	TP53	3.7503
G3	KRAS	4.403
G3	BRAF	2.8251
G3	AKT1	4.4672
G3	CD274	2.2279
G3	CTCF	3.9803
G3	EP300	4.5428
G3	TP53	4.8297
G3	KRAS	3.2335
G3	BRAF	2.6995
G3	AKT1	3.3924
G3	CD274	2.3375
G3	CTCF	3.5765
G3	EP300	3.5034
G3	TP53	3.0332
G3	KRAS	3.6906
G3	BRAF	2.9413
G3	AKT1	4.8937
G3	CD274	2.724
G3	CTCF	3.7465
G3	EP300	3.477
G3	TP53	3.1843
G3	KRAS	4.2332
G3	BRAF	2.9824
G3	AKT1	5.0319
G3	CD274	2.3359
G3	CTCF	4.7196
G3	EP300	4.9005
G2	TP53	5.4751
G2	KRAS	4.5654
G2	BRAF	3.0088
G2	AKT1	5.147
G2	CD274	2.2243
G2	CTCF	4.4953
G2	EP300	4.6569
G1	TP53	4.4762
G1	KRAS	4.1468
G1	BRAF	3.0907
G1	AKT1	5.0287
G1	CD274	2.6845
G1	CTCF	4.1391
G1	EP300	4.675
G2	TP53	5.4966
G2	KRAS	3.1166
G2	BRAF	2.4026
G2	AKT1	4.374
G2	CD274	2.58
G2	CTCF	3.6329
G2	EP300	3.2767
G2	TP53	4.7635
G2	KRAS	4.0434
G2	BRAF	2.7786
G2	AKT1	5.6948
G2	CD274	2.6868
G2	CTCF	4.4242
G2	EP300	5.0694
G2	TP53	5.5128
G2	KRAS	4.5764
G2	BRAF	2.7068
G2	AKT1	4.8987
G2	CD274	2.1214
G2	CTCF	3.9603
G2	EP300	4.7946
G2	TP53	5.2901
G2	KRAS	3.3746
G2	BRAF	2.4552
G2	AKT1	4.7832
G2	CD274	2.1976
G2	CTCF	3.9077
G2	EP300	3.8888
G3	TP53	3.9219
G3	KRAS	4.2438
G3	BRAF	2.8126
G3	AKT1	5.4248
G3	CD274	2.641
G3	CTCF	4.4437
G3	EP300	4.3066
G2	TP53	4.1056
G2	KRAS	4.392
G2	BRAF	2.6215
G2	AKT1	5.1706
G2	CD274	2.9315
G2	CTCF	4.0474
G2	EP300	4.1224
G2	TP53	2.755
G2	KRAS	4.7199
G2	BRAF	2.781
G2	AKT1	5.2176
G2	CD274	2.5663
G2	CTCF	4.2273
G2	EP300	5.1275
G2	TP53	6.0573
G2	KRAS	4.1071
G2	BRAF	2.9179
G2	AKT1	4.7701
G2	CD274	3.2987
G2	CTCF	4.6442
G2	EP300	4.5863
G2	TP53	4.2176
G2	KRAS	3.6622
G2	BRAF	2.4667
G2	AKT1	4.2541
G2	CD274	2.3833
G2	CTCF	3.6559
G2	EP300	3.4921
G3	TP53	5.7136
G3	KRAS	3.5602
G3	BRAF	2.6723
G3	AKT1	4.562
G3	CD274	2.8777
G3	CTCF	4.4021
G3	EP300	4.2268
G4	TP53	4.1346
G4	KRAS	4.2245
G4	BRAF	3.1843
G4	AKT1	4.5251
G4	CD274	2.313
G4	CTCF	4.1516
G4	EP300	5.047
G1	TP53	4.7938
G1	KRAS	3.8367
G1	BRAF	2.3826
G1	AKT1	4.6068
G1	CD274	2.0789
G1	CTCF	3.5461
G1	EP300	3.4987
G3	TP53	5.009
G3	KRAS	3.7308
G3	BRAF	2.6911
G3	AKT1	4.573
G3	CD274	2.6195
G3	CTCF	3.9887
G3	EP300	3.8692
G3	TP53	5.0364
G3	KRAS	4.5492
G3	BRAF	2.8294
G3	AKT1	4.4922
G3	CD274	2.2271
G3	CTCF	3.7047
G3	EP300	4.4304
G3	TP53	4.6323
G3	KRAS	3.8397
G3	BRAF	2.7481
G3	AKT1	4.2048
G3	CD274	2.5295
G3	CTCF	4.471
G3	EP300	4.8183
G2	TP53	5.283
G2	KRAS	4.0535
G2	BRAF	3.1023
G2	AKT1	4.2962
G2	CD274	2.705
G2	CTCF	4.2467
G2	EP300	3.9385
G1	TP53	4.1435
G1	KRAS	4.2063
G1	BRAF	2.8998
G1	AKT1	4.5403
G1	CD274	2.7609
G1	CTCF	4.0589
G1	EP300	4.1406
G2	TP53	4.2692
G2	KRAS	3.4275
G2	BRAF	2.5024
G2	AKT1	4.7105
G2	CD274	2.4612
G2	CTCF	3.925
G2	EP300	3.5901
G2	TP53	4.3887
G2	KRAS	2.7532
G2	BRAF	2.3327
G2	AKT1	3.0988
G2	CD274	2.2249
G2	CTCF	3.1921
G2	EP300	2.9792
G1	TP53	5.2721
G1	KRAS	4.0978
G1	BRAF	2.5463
G1	AKT1	4.5742
G1	CD274	2.5772
G1	CTCF	4.1901
G1	EP300	4.1165
G2	TP53	4.5572
G2	KRAS	4.5738
G2	BRAF	2.89
G2	AKT1	4.3502
G2	CD274	2.4592
G2	CTCF	4.2661
G2	EP300	5.1557
G3	TP53	4.803
G3	KRAS	3.4819
G3	BRAF	2.376
G3	AKT1	4.5262
G3	CD274	2.1532
G3	CTCF	3.4671
G3	EP300	3.4151
G2	TP53	4.7168
G2	KRAS	4.1257
G2	BRAF	3.138
G2	AKT1	4.8324
G2	CD274	2.1789
G2	CTCF	4.4667
G2	EP300	4.982
G3	TP53	4.3303
G3	KRAS	3.2368
G3	BRAF	2.5832
G3	AKT1	3.895
G3	CD274	2.1876
G3	CTCF	3.7905
G3	EP300	3.7668
G4	TP53	4.3506
G4	KRAS	4.1569
G4	BRAF	2.3602
G4	AKT1	3.0607
G4	CD274	2.3123
G4	CTCF	3.9447
G4	EP300	3.5888
G2	TP53	4.83
G2	KRAS	4.755
G2	BRAF	3.0948
G2	AKT1	4.8139
G2	CD274	2.3889
G2	CTCF	4.6014
G2	EP300	5.3862
G3	TP53	5.8316
G3	KRAS	3.8851
G3	BRAF	2.8835
G3	AKT1	5.0905
G3	CD274	2.1675
G3	CTCF	4.3921
G3	EP300	4.5182
G2	TP53	5.1583
G2	KRAS	3.9249
G2	BRAF	2.5324
G2	AKT1	5.0249
G2	CD274	2.5987
G2	CTCF	4.0793
G2	EP300	4.1658
G3	TP53	4.5451
G3	KRAS	4.0213
G3	BRAF	2.6718
G3	AKT1	5.7426
G3	CD274	5.4118
G3	CTCF	4.0497
G3	EP300	3.5946
G1	TP53	4.4105
G1	KRAS	3.9145
G1	BRAF	2.5799
G1	AKT1	5.0228
G1	CD274	2.4391
G1	CTCF	4.0558
G1	EP300	4.2788
G3	TP53	4.4923
G3	KRAS	4.1979
G3	BRAF	3.2638
G3	AKT1	4.5536
G3	CD274	2.2999
G3	CTCF	4.1679
G3	EP300	4.9812
G1	TP53	4.1826
G1	KRAS	4.0618
G1	BRAF	2.6227
G1	AKT1	4.384
G1	CD274	3.6128
G1	CTCF	3.8144
G1	EP300	3.5048
G2	TP53	6.7841
G2	KRAS	4.7661
G2	BRAF	2.7157
G2	AKT1	4.1116
G2	CD274	2.2589
G2	CTCF	4.6111
G2	EP300	5.0885
G1	TP53	4.9653
G1	KRAS	4.1755
G1	BRAF	2.5912
G1	AKT1	5.2693
G1	CD274	2.2511
G1	CTCF	4.3403
G1	EP300	3.1919
G3	TP53	4.542
G3	KRAS	4.7562
G3	BRAF	3.0304
G3	AKT1	5.1573
G3	CD274	4.6185
G3	CTCF	4.5623
G3	EP300	4.7935
G4	TP53	3.2859
G4	KRAS	3.1667
G4	BRAF	2.3508
G4	AKT1	3.1714
G4	CD274	2.4215
G4	CTCF	3.5896
G4	EP300	2.6019
G2	TP53	2.9994
G2	KRAS	4.0468
G2	BRAF	2.8295
G2	AKT1	4.9673
G2	CD274	2.4341
G2	CTCF	3.9102
G2	EP300	5.6657
G1	TP53	4.0179
G1	KRAS	4.8462
G1	BRAF	2.8536
G1	AKT1	4.5395
G1	CD274	4.1566
G1	CTCF	4.8106
G1	EP300	4.5213
G2	TP53	2.7481
G2	KRAS	3.137
G2	BRAF	2.6253
G2	AKT1	5.4428
G2	CD274	2.1519
G2	CTCF	3.9633
G2	EP300	3.668
G2	TP53	4.0826
G2	KRAS	3.849
G2	BRAF	2.5021
G2	AKT1	4.4116
G2	CD274	2.4367
G2	CTCF	3.8587
G2	EP300	4.8102
G2	TP53	3.5765
G2	KRAS	2.7632
G2	BRAF	2.3248
G2	AKT1	3.7091
G2	CD274	2.074
G2	CTCF	3.3134
G2	EP300	3.5852
G2	TP53	5.5494
G2	KRAS	4.7195
G2	BRAF	2.9163
G2	AKT1	4.729
G2	CD274	2.5202
G2	CTCF	4.5252
G2	EP300	3.3761
G2	TP53	4.0457
G2	KRAS	4.3113
G2	BRAF	2.6396
G2	AKT1	4.7682
G2	CD274	2.1316
G2	CTCF	4.1416
G2	EP300	5.0294
G2	TP53	4.8964
G2	KRAS	4.0218
G2	BRAF	2.981
G2	AKT1	4.1628
G2	CD274	2.6646
G2	CTCF	3.9117
G2	EP300	4.8088
G3	TP53	5.5753
G3	KRAS	4.9798
G3	BRAF	2.5867
G3	AKT1	5.1411
G3	CD274	2.3231
G3	CTCF	4.8852
G3	EP300	4.553
G2	TP53	4.9415
G2	KRAS	4.7322
G2	BRAF	2.8225
G2	AKT1	4.7266
G2	CD274	3.3063
G2	CTCF	4.2481
G2	EP300	4.5559
G3	TP53	4.7422
G3	KRAS	3.6712
G3	BRAF	2.6063
G3	AKT1	3.949
G3	CD274	2.1096
G3	CTCF	3.8808
G3	EP300	3.7956
G1	TP53	4.2999
G1	KRAS	3.8241
G1	BRAF	2.5797
G1	AKT1	4.8208
G1	CD274	2.698
G1	CTCF	3.9475
G1	EP300	4.0389
G2	TP53	4.5616
G2	KRAS	5.5913
G2	BRAF	3.3152
G2	AKT1	5.0717
G2	CD274	2.2324
G2	CTCF	3.9642
G2	EP300	5.1286
G2	TP53	4.3574
G2	KRAS	3.3457
G2	BRAF	2.2706
G2	AKT1	4.3635
G2	CD274	2.2668
G2	CTCF	3.5343
G2	EP300	3.4228
G3	TP53	4.5066
G3	KRAS	3.9896
G3	BRAF	2.7542
G3	AKT1	4.6268
G3	CD274	2.5526
G3	CTCF	4.3493
G3	EP300	5.1838
G1	TP53	4.2179
G1	KRAS	3.4722
G1	BRAF	2.7999
G1	AKT1	4.3709
G1	CD274	2.3592
G1	CTCF	3.753
G1	EP300	3.9922
G1	TP53	3.6663
G1	KRAS	4.2133
G1	BRAF	2.4048
G1	AKT1	5.1559
G1	CD274	2.5507
G1	CTCF	3.9108
G1	EP300	4.2355
G2	TP53	2.8695
G2	KRAS	4.2061
G2	BRAF	2.6576
G2	AKT1	4.3913
G2	CD274	2.1868
G2	CTCF	4.0493
G2	EP300	3.62
G3	TP53	2.7598
G3	KRAS	4.8226
G3	BRAF	2.8726
G3	AKT1	4.2558
G3	CD274	2.1552
G3	CTCF	3.99
G3	EP300	5.0263
G3	TP53	5.7923
G3	KRAS	4.6327
G3	BRAF	2.8933
G3	AKT1	5.8562
G3	CD274	4.8486
G3	CTCF	4.9596
G3	EP300	4.6305
G3	TP53	5.1189
G3	KRAS	3.7914
G3	BRAF	3.0785
G3	AKT1	4.6466
G3	CD274	2.1878
G3	CTCF	3.9239
G3	EP300	4.9131
G3	TP53	5.4973
G3	KRAS	4.3356
G3	BRAF	2.7914
G3	AKT1	4.673
G3	CD274	2.1809
G3	CTCF	4.6059
G3	EP300	3.9975
G1	TP53	4.6692
G1	KRAS	4.1966
G1	BRAF	2.5494
G1	AKT1	4.6736
G1	CD274	2.5973
G1	CTCF	3.8897
G1	EP300	4.2084
G2	TP53	5.1788
G2	KRAS	3.7304
G2	BRAF	3.2056
G2	AKT1	4.696
G2	CD274	2.2668
G2	CTCF	4.2185
G2	EP300	4.9965
G3	TP53	4.847
G3	KRAS	4.0407
G3	BRAF	3.391
G3	AKT1	3.6733
G3	CD274	2.1516
G3	CTCF	4.1487
G3	EP300	5.1774
G3	TP53	5.5829
G3	KRAS	5.0344
G3	BRAF	3.7179
G3	AKT1	4.537
G3	CD274	2.4936
G3	CTCF	4.4967
G3	EP300	4.8897
G3	TP53	4.1048
G3	KRAS	4.2198
G3	BRAF	2.9186
G3	AKT1	4.87
G3	CD274	2.3824
G3	CTCF	4.7569
G3	EP300	4.5437
G3	TP53	5.1792
G3	KRAS	3.9178
G3	BRAF	2.5784
G3	AKT1	5.0518
G3	CD274	2.7975
G3	CTCF	4.3897
G3	EP300	4.3131
G2	TP53	5.3272
G2	KRAS	4.0472
G2	BRAF	2.5715
G2	AKT1	5.4311
G2	CD274	2.3828
G2	CTCF	4.0189
G2	EP300	4.2693
G2	TP53	4.1158
G2	KRAS	3.8734
G2	BRAF	2.6015
G2	AKT1	4.983
G2	CD274	2.5977
G2	CTCF	3.4212
G2	EP300	4.1843
G1	TP53	4.9866
G1	KRAS	3.9775
G1	BRAF	2.8465
G1	AKT1	4.9038
G1	CD274	2.6808
G1	CTCF	4.0232
G1	EP300	4.3861
G2	TP53	4.6604
G2	KRAS	3.05
G2	BRAF	2.6284
G2	AKT1	4.1085
G2	CD274	2.1849
G2	CTCF	3.4901
G2	EP300	3.4042
G2	TP53	3.8807
G2	KRAS	3.0647
G2	BRAF	2.5791
G2	AKT1	5.4763
G2	CD274	2.2645
G2	CTCF	4.348
G2	EP300	4.173
G2	TP53	5.2699
G2	KRAS	3.7663
G2	BRAF	2.9937
G2	AKT1	4.4425
G2	CD274	2.1182
G2	CTCF	3.8434
G2	EP300	4.1922
G2	TP53	4.0919
G2	KRAS	4.2257
G2	BRAF	2.5903
G2	AKT1	4.9223
G2	CD274	2.3828
G2	CTCF	4.6105
G2	EP300	4.543
G3	TP53	3.5156
G3	KRAS	3.9646
G3	BRAF	2.6879
G3	AKT1	3.6543
G3	CD274	2.6027
G3	CTCF	3.657
G3	EP300	3.521
G2	TP53	4.7466
G2	KRAS	4.7531
G2	BRAF	2.8728
G2	AKT1	4.2902
G2	CD274	2.5541
G2	CTCF	4.2109
G2	EP300	4.4867
G2	TP53	3.3986
G2	KRAS	3.7005
G2	BRAF	2.5464
G2	AKT1	4.8237
G2	CD274	2.174
G2	CTCF	3.8698
G2	EP300	4.5899
G1	TP53	4.6809
G1	KRAS	3.7322
G1	BRAF	2.7828
G1	AKT1	4.5452
G1	CD274	2.1894
G1	CTCF	4.0538
G1	EP300	4.2037
G2	TP53	4.0836
G2	KRAS	3.7854
G2	BRAF	2.7123
G2	AKT1	5.1649
G2	CD274	2.3128
G2	CTCF	3.9502
G2	EP300	4.6058
G2	TP53	5.1009
G2	KRAS	4.5786
G2	BRAF	2.7662
G2	AKT1	5.0115
G2	CD274	2.2857
G2	CTCF	4.0045
G2	EP300	4.7727
G2	TP53	5.7753
G2	KRAS	4.805
G2	BRAF	2.9598
G2	AKT1	5.1119
G2	CD274	2.5905
G2	CTCF	5.024
G2	EP300	6.0716
G2	TP53	4.6415
G2	KRAS	4.7682
G2	BRAF	2.9739
G2	AKT1	4.7048
G2	CD274	2.2974
G2	CTCF	4.1561
G2	EP300	5.1258
G2	TP53	3.8855
G2	KRAS	3.5376
G2	BRAF	2.7899
G2	AKT1	4.4158
G2	CD274	2.4114
G2	CTCF	4.2968
G2	EP300	4.9754
G2	TP53	4.2055
G2	KRAS	4.1208
G2	BRAF	2.7816
G2	AKT1	4.8749
G2	CD274	2.1433
G2	CTCF	3.8837
G2	EP300	3.4546
G2	TP53	4.6919
G2	KRAS	2.8413
G2	BRAF	2.4623
G2	AKT1	3.8528
G2	CD274	2.1196
G2	CTCF	3.3532
G2	EP300	3.1898
G3	TP53	2.9025
G3	KRAS	3.5522
G3	BRAF	2.8743
G3	AKT1	5.3188
G3	CD274	2.554
G3	CTCF	3.9027
G3	EP300	4.6094
G2	TP53	4.4045
G2	KRAS	3.9932
G2	BRAF	2.8953
G2	AKT1	4.7822
G2	CD274	2.4028
G2	CTCF	4.205
G2	EP300	4.2662
G2	TP53	4.9021
G2	KRAS	3.7059
G2	BRAF	3.2107
G2	AKT1	4.8704
G2	CD274	2.2895
G2	CTCF	4.4603
G2	EP300	4.2905
G2	TP53	4.8335
G2	KRAS	3.1559
G2	BRAF	2.9282
G2	AKT1	4.3899
G2	CD274	2.2533
G2	CTCF	3.899
G2	EP300	3.478
G1	TP53	4.4788
G1	KRAS	3.1947
G1	BRAF	2.3605
G1	AKT1	5.0842
G1	CD274	2.6618
G1	CTCF	4.0053
G1	EP300	3.8748
G2	TP53	3.7923
G2	KRAS	5.3169
G2	BRAF	3.865
G2	AKT1	5.1839
G2	CD274	2.2762
G2	CTCF	4.8997
G2	EP300	5.1251
G1	TP53	2.9994
G1	KRAS	4.0033
G1	BRAF	2.7403
G1	AKT1	5.0773
G1	CD274	2.6265
G1	CTCF	4.5636
G1	EP300	4.5224
G2	TP53	5.0003
G2	KRAS	3.8883
G2	BRAF	2.5943
G2	AKT1	4.4355
G2	CD274	2.473
G2	CTCF	3.8382
G2	EP300	3.5358
G1	TP53	3.8849
G1	KRAS	3.3486
G1	BRAF	2.6017
G1	AKT1	4.7305
G1	CD274	2.3827
G1	CTCF	3.8844
G1	EP300	3.6767
G2	TP53	5.1211
G2	KRAS	2.9344
G2	BRAF	2.4096
G2	AKT1	3.4421
G2	CD274	2.3064
G2	CTCF	3.3801
G2	EP300	2.6574
G1	TP53	3.9397
G1	KRAS	3.7878
G1	BRAF	2.7959
G1	AKT1	3.7667
G1	CD274	4.2136
G1	CTCF	4.0054
G1	EP300	3.5649
G2	TP53	4.8753
G2	KRAS	3.7366
G2	BRAF	2.5579
G2	AKT1	4.2453
G2	CD274	2.6451
G2	CTCF	3.8679
G2	EP300	3.6742
G3	TP53	5.6837
G3	KRAS	4.8951
G3	BRAF	3.1039
G3	AKT1	5.7526
G3	CD274	4.097
G3	CTCF	4.9486
G3	EP300	5.3691
G3	TP53	4.4359
G3	KRAS	4.7725
G3	BRAF	3.0806
G3	AKT1	5.5056
G3	CD274	3.9889
G3	CTCF	4.4657
G3	EP300	5.2305
G1	TP53	5.8243
G1	KRAS	3.5363
G1	BRAF	2.5872
G1	AKT1	3.9725
G1	CD274	2.4668
G1	CTCF	3.6485
G1	EP300	3.0212
G2	TP53	4.3112
G2	KRAS	3.5628
G2	BRAF	2.4569
G2	AKT1	4.7576
G2	CD274	2.2586
G2	CTCF	3.5315
G2	EP300	3.6444
G1	TP53	4.458
G1	KRAS	3.4961
G1	BRAF	2.7025
G1	AKT1	3.8638
G1	CD274	2.426
G1	CTCF	3.7563
G1	EP300	3.3613
G2	TP53	5.7605
G2	KRAS	5.8597
G2	BRAF	3.2992
G2	AKT1	5.469
G2	CD274	2.7801
G2	CTCF	4.9403
G2	EP300	5.6579
G1	TP53	4.487
G1	KRAS	3.8188
G1	BRAF	2.6607
G1	AKT1	5.1955
G1	CD274	2.3728
G1	CTCF	4.447
G1	EP300	4.8952
G2	TP53	3.7946
G2	KRAS	3.2524
G2	BRAF	2.2439
G2	AKT1	3.6416
G2	CD274	2.2554
G2	CTCF	3.3166
G2	EP300	2.7476
G2	TP53	4.8
G2	KRAS	2.9926
G2	BRAF	2.2715
G2	AKT1	3.2453
G2	CD274	2.3281
G2	CTCF	3.6332
G2	EP300	3.3354
G1	TP53	4.3971
G1	KRAS	3.7894
G1	BRAF	2.9461
G1	AKT1	4.0138
G1	CD274	2.5385
G1	CTCF	4.2625
G1	EP300	4.1872
G2	TP53	5.2589
G2	KRAS	4.0508
G2	BRAF	2.777
G2	AKT1	4.9125
G2	CD274	2.6845
G2	CTCF	3.9255
G2	EP300	4.0673
G2	TP53	4.126
G2	KRAS	3.7883
G2	BRAF	2.9367
G2	AKT1	5.3627
G2	CD274	2.4579
G2	CTCF	4.2648
G2	EP300	4.6549
G2	TP53	4.7713
G2	KRAS	4.1321
G2	BRAF	2.9844
G2	AKT1	4.6057
G2	CD274	2.446
G2	CTCF	4.2703
G2	EP300	4.8206
G1	TP53	4.9229
G1	KRAS	4.2891
G1	BRAF	2.899
G1	AKT1	4.1558
G1	CD274	2.6866
G1	CTCF	4.3801
G1	EP300	5.0793
G2	TP53	5.3521
G2	KRAS	3.711
G2	BRAF	3.0238
G2	AKT1	5.1987
G2	CD274	2.4858
G2	CTCF	4.921
G2	EP300	5.0115
G3	TP53	5.6964
G3	KRAS	3.1796
G3	BRAF	2.3999
G3	AKT1	3.1021
G3	CD274	2.3998
G3	CTCF	3.1487
G3	EP300	3.08
G3	TP53	5.031
G3	KRAS	3.9878
G3	BRAF	3.0736
G3	AKT1	4.7032
G3	CD274	2.2733
G3	CTCF	4.0669
G3	EP300	4.9491
G3	TP53	6.0509
G3	KRAS	4.1181
G3	BRAF	2.8815
G3	AKT1	4.1176
G3	CD274	2.4964
G3	CTCF	3.9463
G3	EP300	3.8097
G2	TP53	5.1765
G2	KRAS	4.284
G2	BRAF	2.8718
G2	AKT1	5.208
G2	CD274	3.0069
G2	CTCF	4.5095
G2	EP300	4.5516
G1	TP53	3.5585
G1	KRAS	4.9809
G1	BRAF	3.4466
G1	AKT1	6.2105
G1	CD274	3.1146
G1	CTCF	5.0623
G1	EP300	5.7218
G2	TP53	4.4275
G2	KRAS	3.7135
G2	BRAF	2.6917
G2	AKT1	4.4543
G2	CD274	2.2078
G2	CTCF	4.2918
G2	EP300	4.735
G2	TP53	5.1493
G2	KRAS	4.3906
G2	BRAF	3.0482
G2	AKT1	5.2385
G2	CD274	2.8116
G2	CTCF	4.4595
G2	EP300	5.1642
G3	TP53	2.7333
G3	KRAS	3.8102
G3	BRAF	2.9613
G3	AKT1	4.5459
G3	CD274	2.2789
G3	CTCF	4.4908
G3	EP300	5.05
G3	TP53	3.7702
G3	KRAS	3.1391
G3	BRAF	2.4918
G3	AKT1	5.1935
G3	CD274	2.0971
G3	CTCF	4.1875
G3	EP300	4.5076
G3	TP53	3.4671
G3	KRAS	3.4584
G3	BRAF	2.8204
G3	AKT1	4.4452
G3	CD274	2.9127
G3	CTCF	3.8787
G3	EP300	4.265
G4	TP53	2.9274
G4	KRAS	3.3791
G4	BRAF	2.7109
G4	AKT1	2.9774
G4	CD274	2.1539
G4	CTCF	3.4956
G4	EP300	3.4031
G2	TP53	4.8263
G2	KRAS	4.3051
G2	BRAF	2.6356
G2	AKT1	5.0039
G2	CD274	2.7294
G2	CTCF	4.2103
G2	EP300	4.4266
G2	TP53	4.7845
G2	KRAS	3.281
G2	BRAF	2.4431
G2	AKT1	3.4603
G2	CD274	2.3276
G2	CTCF	3.5111
G2	EP300	2.9922
G3	TP53	5.7664
G3	KRAS	4.564
G3	BRAF	2.8425
G3	AKT1	5.5746
G3	CD274	2.0664
G3	CTCF	4.3667
G3	EP300	4.5595
G3	TP53	4.4403
G3	KRAS	4.1976
G3	BRAF	2.7069
G3	AKT1	4.7864
G3	CD274	2.5106
G3	CTCF	4.1777
G3	EP300	4.719
G3	TP53	4.847
G3	KRAS	4.0346
G3	BRAF	2.6614
G3	AKT1	4.9837
G3	CD274	2.4221
G3	CTCF	4.233
G3	EP300	4.6084
G3	TP53	4.3268
G3	KRAS	2.7846
G3	BRAF	2.5373
G3	AKT1	4.5781
G3	CD274	2.1499
G3	CTCF	4.1567
G3	EP300	3.4886
G2	TP53	3.2643
G2	KRAS	3.9348
G2	BRAF	3.0591
G2	AKT1	4.7985
G2	CD274	2.4437
G2	CTCF	3.71
G2	EP300	4.4688
G3	TP53	4.8724
G3	KRAS	4.8987
G3	BRAF	3.4815
G3	AKT1	5.9423
G3	CD274	3.1401
G3	CTCF	5.1557
G3	EP300	4.9011
G3	TP53	3.3305
G3	KRAS	4.4079
G3	BRAF	3.1768
G3	AKT1	4.2208
G3	CD274	3.0171
G3	CTCF	4.7654
G3	EP300	3.8706
G1	TP53	3.7693
G1	KRAS	4.3117
G1	BRAF	2.7345
G1	AKT1	5.3947
G1	CD274	2.5082
G1	CTCF	4.3569
G1	EP300	4.8126
G2	TP53	4.0295
G2	KRAS	3.2579
G2	BRAF	2.6711
G2	AKT1	3.3392
G2	CD274	2.1586
G2	CTCF	3.5047
G2	EP300	3.2628
G2	TP53	3.7387
G2	KRAS	3.3421
G2	BRAF	2.3311
G2	AKT1	3.809
G2	CD274	2.3565
G2	CTCF	3.2317
G2	EP300	3.1815
G1	TP53	3.9295
G1	KRAS	3.6554
G1	BRAF	3.2953
G1	AKT1	4.8645
G1	CD274	2.2758
G1	CTCF	4.8189
G1	EP300	4.7717
G2	TP53	5.1604
G2	KRAS	3.8352
G2	BRAF	2.84
G2	AKT1	5.6497
G2	CD274	2.4971
G2	CTCF	4.1208
G2	EP300	4.1779
G2	TP53	3.6451
G2	KRAS	3.2311
G2	BRAF	2.6528
G2	AKT1	3.3411
G2	CD274	2.2638
G2	CTCF	3.6661
G2	EP300	3.3887
G3	TP53	5.1532
G3	KRAS	4.962
G3	BRAF	3.3354
G3	AKT1	4.6454
G3	CD274	2.7095
G3	CTCF	5.3265
G3	EP300	4.601
G2	TP53	5.3605
G2	KRAS	3.9095
G2	BRAF	2.5252
G2	AKT1	4.1213
G2	CD274	2.9857
G2	CTCF	4.1993
G2	EP300	4.0002
G2	TP53	3.2669
G2	KRAS	3.5066
G2	BRAF	2.6901
G2	AKT1	4.1906
G2	CD274	2.4797
G2	CTCF	3.8497
G2	EP300	3.196
G2	TP53	5.069
G2	KRAS	4.4589
G2	BRAF	3.3903
G2	AKT1	4.9968
G2	CD274	2.7937
G2	CTCF	4.5614
G2	EP300	5.3932
G3	TP53	4.9886
G3	KRAS	5.3388
G3	BRAF	2.6679
G3	AKT1	3.9968
G3	CD274	2.193
G3	CTCF	4.0613
G3	EP300	4.016
G2	TP53	2.7333
G2	KRAS	3.5399
G2	BRAF	2.3016
G2	AKT1	6.2879
G2	CD274	2.141
G2	CTCF	3.946
G2	EP300	4.3604
G3	TP53	2.8298
G3	KRAS	4.4105
G3	BRAF	3.0225
G3	AKT1	4.8575
G3	CD274	2.385
G3	CTCF	4.0808
G3	EP300	4.788
G3	TP53	5.0373
G3	KRAS	4.6485
G3	BRAF	3.1495
G3	AKT1	5.109
G3	CD274	2.3698
G3	CTCF	4.1863
G3	EP300	4.9672
G2	TP53	3.8915
G2	KRAS	4.2126
G2	BRAF	2.6463
G2	AKT1	4.8141
G2	CD274	2.751
G2	CTCF	4.7842
G2	EP300	4.836
G3	TP53	4.5221
G3	KRAS	3.7429
G3	BRAF	2.787
G3	AKT1	4.5337
G3	CD274	2.6147
G3	CTCF	4.0551
G3	EP300	3.9513
G2	TP53	4.5111
G2	KRAS	3.8152
G2	BRAF	2.5846
G2	AKT1	4.2001
G2	CD274	2.3671
G2	CTCF	4.0396
G2	EP300	3.5271
G2	TP53	4.1102
G2	KRAS	4.9636
G2	BRAF	2.8406
G2	AKT1	5.0752
G2	CD274	2.837
G2	CTCF	4.604
G2	EP300	4.565
G2	TP53	4.2555
G2	KRAS	3.5048
G2	BRAF	2.5088
G2	AKT1	3.6105
G2	CD274	2.2238
G2	CTCF	3.6091
G2	EP300	3.8288
G2	TP53	5.8156
G2	KRAS	4.7044
G2	BRAF	3.2372
G2	AKT1	5.188
G2	CD274	2.1522
G2	CTCF	4.2595
G2	EP300	5.156
G1	TP53	5.3016
G1	KRAS	3.4383
G1	BRAF	2.9436
G1	AKT1	5.4549
G1	CD274	2.3541
G1	CTCF	4.2961
G1	EP300	3.9637
G3	TP53	5.4867
G3	KRAS	4.5005
G3	BRAF	2.7143
G3	AKT1	4.4206
G3	CD274	2.1577
G3	CTCF	3.8768
G3	EP300	4.3185
G3	TP53	4.5556
G3	KRAS	3.5643
G3	BRAF	2.5915
G3	AKT1	3.7158
G3	CD274	2.1196
G3	CTCF	3.4503
G3	EP300	3.7174
G2	TP53	3.416
G2	KRAS	3.8416
G2	BRAF	2.5266
G2	AKT1	4.5357
G2	CD274	2.8024
G2	CTCF	4.3506
G2	EP300	4.9505
G2	TP53	2.5911
G2	KRAS	3.5208
G2	BRAF	3.5048
G2	AKT1	3.8834
G2	CD274	2.1154
G2	CTCF	3.9477
G2	EP300	4.3071
G3	TP53	2.7468
G3	KRAS	3.8101
G3	BRAF	2.9716
G3	AKT1	4.7035
G3	CD274	2.0722
G3	CTCF	4.3986
G3	EP300	4.1011
G2	TP53	4.4252
G2	KRAS	3.678
G2	BRAF	2.6196
G2	AKT1	3.9871
G2	CD274	2.2604
G2	CTCF	4.0412
G2	EP300	3.1594
G2	TP53	4.5654
G2	KRAS	3.7302
G2	BRAF	2.9454
G2	AKT1	5.4006
G2	CD274	2.567
G2	CTCF	4.4177
G2	EP300	5.1215
G2	TP53	4.4342
G2	KRAS	3.4378
G2	BRAF	2.7922
G2	AKT1	4.9139
G2	CD274	3.0594
G2	CTCF	4.3171
G2	EP300	4.3026
G2	TP53	4.8892
G2	KRAS	5.0079
G2	BRAF	3.1702
G2	AKT1	4.8248
G2	CD274	2.526
G2	CTCF	4.4996
G2	EP300	4.6086
G2	TP53	4.9593
G2	KRAS	3.2539
G2	BRAF	2.5741
G2	AKT1	3.5026
G2	CD274	2.3754
G2	CTCF	3.877
G2	EP300	3.6171
G3	TP53	4.006
G3	KRAS	3.9929
G3	BRAF	2.5117
G3	AKT1	4.5248
G3	CD274	2.2033
G3	CTCF	4.4061
G3	EP300	4.1189
G2	TP53	4.8569
G2	KRAS	4.0614
G2	BRAF	2.7505
G2	AKT1	5.2467
G2	CD274	2.4152
G2	CTCF	4.4883
G2	EP300	4.6403
G3	TP53	5.2502
G3	KRAS	4.3013
G3	BRAF	2.7629
G3	AKT1	5.867
G3	CD274	2.5762
G3	CTCF	4.6476
G3	EP300	5.0812
G3	TP53	2.8755
G3	KRAS	5.0394
G3	BRAF	2.9205
G3	AKT1	4.4303
G3	CD274	2.7904
G3	CTCF	3.9905
G3	EP300	4.1599
G3	TP53	3.8686
G3	KRAS	3.3267
G3	BRAF	2.4776
G3	AKT1	3.1298
G3	CD274	2.2565
G3	CTCF	3.965
G3	EP300	3.7577
G2	TP53	5.1131
G2	KRAS	4.1693
G2	BRAF	3.0344
G2	AKT1	4.5737
G2	CD274	2.272
G2	CTCF	4.1956
G2	EP300	4.9123
G3	TP53	6.2359
G3	KRAS	5.2442
G3	BRAF	3.241
G3	AKT1	4.6822
G3	CD274	2.9245
G3	CTCF	4.655
G3	EP300	5.1898
G1	TP53	6.3278
G1	KRAS	5.3451
G1	BRAF	3.4449
G1	AKT1	5.6081
G1	CD274	2.6829
G1	CTCF	5.083
G1	EP300	5.4356
G1	TP53	3.3824
G1	KRAS	3.5354
G1	BRAF	2.4772
G1	AKT1	5.007
G1	CD274	2.2647
G1	CTCF	3.698
G1	EP300	4.1362
G2	TP53	3.5125
G2	KRAS	3.8894
G2	BRAF	2.6364
G2	AKT1	4.8105
G2	CD274	2.44
G2	CTCF	4.0081
G2	EP300	3.8538
G3	TP53	4.6815
G3	KRAS	3.4333
G3	BRAF	2.491
G3	AKT1	4.7379
G3	CD274	2.1767
G3	CTCF	4.293
G3	EP300	3.8226
G2	TP53	4.6874
G2	KRAS	3.8801
G2	BRAF	2.617
G2	AKT1	4.4095
G2	CD274	3.2686
G2	CTCF	3.9728
G2	EP300	3.6537
G1	TP53	4.6272
G1	KRAS	4.7662
G1	BRAF	2.892
G1	AKT1	4.802
G1	CD274	2.2489
G1	CTCF	4.3679
G1	EP300	4.7068
G2	TP53	4.9716
G2	KRAS	4.3002
G2	BRAF	2.687
G2	AKT1	4.3472
G2	CD274	2.4737
G2	CTCF	4.0798
G2	EP300	4.3156
G3	TP53	6.6636
G3	KRAS	5.2753
G3	BRAF	2.9359
G3	AKT1	5.6636
G3	CD274	5.3521
G3	CTCF	4.9902
G3	EP300	4.9872
G3	TP53	4.3303
G3	KRAS	4.256
G3	BRAF	3.0351
G3	AKT1	3.9027
G3	CD274	2.235
G3	CTCF	4.4657
G3	EP300	4.9202
G3	TP53	4.627
G3	KRAS	3.9509
G3	BRAF	2.5175
G3	AKT1	2.9904
G3	CD274	2.7127
G3	CTCF	3.6318
G3	EP300	3.1105
G2	TP53	4.6903
G2	KRAS	3.9004
G2	BRAF	3.0369
G2	AKT1	4.5479
G2	CD274	2.1717
G2	CTCF	3.8328
G2	EP300	4.5044
G2	TP53	5.1487
G2	KRAS	4.4123
G2	BRAF	2.7776
G2	AKT1	5.0615
G2	CD274	3.986
G2	CTCF	4.3825
G2	EP300	4.6248
