WT	KO	group	symbol
228.6667	178.8647	None	Hsd17b11
40.172	36.4472	None	Vamp7
7.0042	15.4931	None	Rsad2
12.2042	18.157	None	Pold3
777.5466	545.7349	None	Pcbd1
0.8902	2.7362	Up	Mcm5
6.2722	7.0079	None	Rasal2
7.6164	3.9421	None	Snrpe
2639.0106	2368.2053	None	Pgrmc1
17.6747	18.7368	None	Rgl3
0.052	0.5717	None	Lexm
22.6794	70.3582	None	Ifrd1
8.2942	10.2419	None	Dmap1
57.3415	110.2465	None	Rab32
166.4458	115.4759	None	Cyc1
5.4623	15.9367	Up	Cmklr1
7.6631	9.6175	None	Ncoa1
2.4323	2.9502	None	Slco3a1
12.3164	13.4684	None	Trim23
11.0113	7.3804	None	Nrp2
31.6847	34.9026	None	Fbxo8
610.7393	1458.265	Up	Actb
7.2196	17.1641	Up	Gm11437
2.0333	12.2348	Up	Fblim1
0.1642	1.4114	None	2700099C18Rik
20.2498	18.065	None	Cmtr1
1.7738	3.673	None	Gm15270
3.7715	6.8875	None	Prkd2
27.7852	33.7594	None	Cpne1
18.8361	25.3477	None	Imp4
38.7091	30.1057	None	Cdk18
1.2527	3.4232	None	Gm14207
1.775	0.1406	Down	Slc13a2
6.1278	7.2415	None	Vps13b
0.4871	0.787	None	BC049352
8.0538	16.6327	None	Epn2
6.1857	7.6189	None	Hic1
10.1335	9.9635	None	Phf10
9.7639	11.9503	None	Ccz1
8.9818	12.5201	None	Klhdc4
46.6937	42.7286	None	Eif2s2
29.4529	39.18	None	Ppp2r2d
0.2684	0.6686	None	4931403G20Rik
5.2674	4.2795	None	Gm16675
183.8971	331.1708	None	Entpd5
55.9451	51.744	None	Keap1
208.1998	230.1338	None	Mrps34
9.3011	12.8259	None	Papss1
1496.7505	984.8328	None	Cat
2.0585	2.0662	None	A330069E16Rik
8.0157	6.4419	None	Zfp938
5.1731	11.0096	None	Mir6956
198.2581	138.055	None	Fcgrt
13.6805	14.5728	None	Swsap1
22.2612	26.9612	None	Nup62
5.1547	13.7256	Up	Myef2
5.729	6.1006	None	Etaa1
7.3753	3.5286	Down	Cpsf4l
183.4797	172.237	None	Gns
0.0367	0.3189	None	Prdm5
2.3501	1.3834	None	Gm14434
35.0118	79.1354	Up	Cotl1
27.1022	30.4499	None	Ppp2cb
1.0962	0.5199	None	H3c6
0.2269	0.5939	None	Rtl6
150.2703	139.9668	None	Dnajc3
52.0269	62.6242	None	Fam234a
0.3898	1.313	None	Sprr2a1
117.2875	135.9663	None	Bzw1
0.1889	0.1984	None	Grin2d
43.205	38.7999	None	Dda1
121.5047	79.6371	None	Bphl
2.6575	2.2975	None	Helq
37.2345	23.3488	None	1700066M21Rik
1.9848	4.1419	None	Ngp
4.9584	3.2927	None	Elp6
26.2037	35.2305	None	Bbc3
3.5171	14.2586	Up	Ms4a6c
50.5563	32.574	None	Snora70
0.0181	0.1747	None	Pcdha5
16.1312	20.6076	None	Map3k10
45.7377	35.3865	None	Car8
17.3211	16.902	None	Get4
3.741	2.8111	None	2700097O09Rik
38.8547	29.6535	None	Tfam
297.4569	179.5639	None	Chchd10
0.9527	3.2823	Up	Atp1b2
0.3286	0.1402	None	Edaradd
70.0642	56.1047	None	Anpep
76.7555	65.0048	None	LTO1
25.086	27.8284	None	Zyg11b
14.6607	31.4475	None	Ptgs1
12.4365	19.4302	None	Tsc22d2
0.5388	1.2271	None	Hspb7
15.7892	14.5869	None	Phf2
44.1889	32.1523	None	Prkaa2
10.849	13.8196	None	Fam160b2
42.3614	33.5004	None	Ift20
16.5406	23.5903	None	Pop4
78.0723	89.1764	None	Acp1
0.1026	0.0732	None	Stxbp5l
29.6537	37.7033	None	Msantd4
20.6677	30.0528	None	Zmiz1
10.1682	16.1768	None	Septin10
34.1621	65.2645	None	Dsp
0.34	0.4453	None	Zfp462
3.1437	3.7301	None	Smn1
1.1029	1.1729	None	Nova2
28.104	46.7708	None	Kras
12.2721	14.1776	None	Stoml2
7.0339	2.5629	None	AY074887
13.4425	18.2336	None	Tmem165
19.3798	14.7764	None	Zfp574
0.4048	0.9882	None	Dnaaf3
18.9999	1.2798	None	Mir3112
9.3611	8.0852	None	Fbxo7
7.2046	9.4267	None	Thop1
6.9297	1.95	Down	Sult1c2
0.6732	0.4929	None	Ttc6
1.1582	1.7907	None	6430571L13Rik
2.4298	68.281	Up	Serpinb6b
6.3355	11.1842	None	Mr1
52.2832	50.1933	None	Hnrnpa3
18.8597	16.2191	None	Mrpl17
3.2543	11.0839	Up	Plin4
0.0993	0.0535	None	9330182L06Rik
3.0727	5.6451	None	Thoc6
1.9429	2.2733	None	Cdkal1
0.0639	0.4183	None	Dlg2
0.5045	1.0752	None	Tspan5
41.7368	36.3998	None	Rbm25
0.7724	2.1505	None	Gm14295
8.6029	9.7303	None	Scrib
1.7664	2.034	None	Il4i1
0.9622	0.2442	None	Mesp2
6.498	8.3409	None	Smg9
14.1528	12.317	None	Lsm6
9.3333	10.3674	None	Gps2
37.3158	43.3808	None	Mreg
12.7355	20.1525	None	Cic
52.1147	48.2018	None	Abce1
4.7848	6.1262	None	Camsap1
11.4172	15.4443	None	Camsap3
9.6118	12.6149	None	Smarca4
0.3742	5.4211	Up	Slc1a1
14.2461	20.4948	None	Rps23
27.746	31.8004	None	Gm5643
7.9082	10.2829	None	Slc9a6
8.4189	16.9588	None	Lrsam1
11.1491	10.1879	None	Gripap1
25.659	20.2424	None	Rcc1l
39.5978	40.9999	None	Trappc1
1.1441	0.6922	None	Ccdc73
50.8668	63.4268	None	Gm21188
22.9611	47.5014	None	Tpst2
4.1664	4.7753	None	Gm10509
14.4459	18.5071	None	Kdm6b
8.2567	8.0875	None	Atg2b
3.9716	5.965	None	Tmem273
1.2187	8.0807	None	H4c11
48.4441	35.1316	None	Mzt2
1.0602	0.8408	None	Lck
23.368	19.6405	None	Gtf2h1
0.5742	3.2043	Up	Adamts15
4.2353	4.8326	None	Ago4
1.5073	1.928	None	4930594M22Rik
34.3267	38.5598	None	Stx12
399.5898	182.4858	Down	Pipox
10.3798	15.5934	None	Chst15
0.9528	3.5419	None	Tbxas1
2342.8233	1504.0449	None	Rdh7
77.6757	98.3146	None	Tmem30b
7.1804	6.355	None	Actr10
0.5774	0.0507	None	Wnt6
25.919	24.0723	None	Tmem33
2.7691	3.3871	None	Chrd
0.1274	0.1941	None	Dlk1
17.3737	20.867	None	Efcab14
43.0492	40.9696	None	Mrps18b
14.5306	15.5048	None	Zfp830
1.5822	1.0197	None	Dlgap1
32.1516	29.9016	None	Snx9
3.6489	8.9892	Up	Meis1
544.0105	426.6722	None	Pcyt2
10.6913	6.7328	None	Ggnbp1
38.7278	40.5243	None	Fam114a2
1.2505	1.1056	None	Igf1r
0.8077	0.0351	Down	Chst1
33.2808	35.3962	None	Bace1
70.0134	60.939	None	Epb41
74.5452	122.5018	None	Stat3
11.6288	17.3778	None	Mier2
7.9426	6.9962	None	Pdia5
3.1499	1.8015	None	Rps15a
1.5131	0.7721	None	Nfe2l3
26.3095	37.6605	None	Rabep1
72.029	83.0629	None	Ncoa4
26.149	26.0861	None	Txlna
36.7371	64.8956	None	Rcan1
47.3087	63.3516	None	Csk
0.9203	3.2768	Up	Kcnk13
1.2492	1.023	None	Art2b
6.2919	9.6862	None	Camk1
14.0681	17.3819	None	Arhgap12
0.5135	0.2748	None	Fbxl12os
11.0861	20.5258	None	Uhrf1bp1
0.0954	0.748	None	Ttk
27.4607	36.9375	None	Ubxn2a
0.2194	0.4729	None	Zfp459
100.8272	104.4065	None	Vcp
23.093	30.1858	None	Vps36
0.1076	0.2504	None	C920009B18Rik
15.6949	15.2935	None	Klhl2
4.6873	5.0175	None	Xrcc4
2.6665	2.5532	None	Cfap126
1.8761	0.6419	None	Awat2
1.0646	2.2889	None	Plxna4
16.7718	11.6983	None	Ppm1m
0.3963	0.7257	None	Etv1
357.044	467.647	None	Pnpo
11.0865	12.5244	None	Pmpcb
3.5604	3.5818	None	Nox1
32.9375	35.7234	None	Snord22
4.3989	4.2621	None	Ell3
43.7204	128.0576	Up	Vat1
1138.3093	818.4349	None	Crp
2.6316	18.5395	Up	2310034O05Rik
36.2979	37.4494	None	Mrpl40
182.9333	178.0362	None	F5
0.2925	0.06	None	Rassf10
7.805	3.3012	Down	Rdm1
21.1812	22.87	None	Ncoa2
36.4555	15.4004	Down	Mme
8.2059	18.2552	None	Pdzrn3
11.9241	20.7177	None	Cnn2
18.2272	35.9429	None	Rnf141
18.1742	14.1984	None	Riox1
0.0771	0.2015	None	Klri2
32.2876	40.108	None	Pisd
6.0913	8.723	None	Med30
0.6947	0.314	None	4930509G22Rik
15.5613	27.5955	None	Chic2
2.6403	6.2572	Up	Gas2l3
0.0523	0.6635	None	Tpbg
25.1944	23.123	None	Lsm14a
0.5723	0.6485	None	Mgarp
261.0148	314.7129	None	Eif4h
12.1841	10.7967	None	Eapp
30.1253	50.4717	None	Marcks
2.3452	5.1867	None	Arhgef6
2.5362	5.1528	None	Kif3a
10.0393	11.1983	None	Exph5
10.2035	25.1885	Up	Dpp7
107.1183	127.7331	None	Pabpc1
9.6962	18.3364	None	Dhrs13
36.4229	85.452	Up	Mafk
1.1627	1.4159	None	Cyfip2
19.3173	41.1512	None	Vasp
0.3338	0.1893	None	Cyb5r2
0.5193	1.2983	None	Fbxl16
43.0686	37.5695	None	Nrbp2
0.2336	0.3325	None	Klrb1b
6.6171	6.0166	None	Med14
42.5853	40.5135	None	Dusp11
1.8545	6.2405	Up	Arhgap11a
16.6355	28.4998	None	Bloc1s3
0.9232	1.467	None	Cd200
1.5268	4.625	None	Ncf4
5.4378	8.7346	None	Rapgef5
0.1837	0.696	None	Lgi3
323.2669	0.2327	Down	Mup1
8.6394	15.8313	None	Particl
7.7088	8.4027	None	Pwwp3a
1.6967	1.1394	None	Kcnk3
1.0808	1.3631	None	Katnb1
53.4148	80.8186	None	Chmp1b
0.8445	1.4124	None	Gpm6b
20.5313	19.3561	None	Tbce
0.6519	0.5982	None	4930513N10Rik
5.5026	3.0895	Down	Efna5
127.9134	110.8651	None	Acnat1
0.6497	1.1025	None	Epcam
1.6625	2.9448	None	Adamts6
3.7819	8.2147	None	Plp2
10.4246	11.5682	None	Fbxo28
223.8067	155.8382	None	Cpt2
3.8192	2.7353	None	Dclre1c
3.2548	2.3339	None	Psph
86.3177	85.5381	None	Tex264
64.9363	66.9372	None	Fam168b
0.2809	0.3021	None	Bnipl
12.1692	10.5701	None	Rpusd3
37.0759	46.5986	None	Slc3a2
15.9304	15.3983	None	Zfp672
158.2921	85.3755	Down	Hgfac
13.8917	21.0144	None	Pak4
1.1104	2.3069	None	Nodal
502.9009	315.0613	None	Vkorc1
55.7813	28.9877	Down	Pex11g
12.2236	12.0735	None	Usp45
54.2909	56.8061	None	Bccip
40.0007	35.4083	None	Atg13
7.6811	21.0678	Up	Pigf
0.2427	0.8285	None	Hsh2d
5.4976	4.0044	None	Psme2
0.5809	0.6818	None	Setbp1
19.7595	1.1844	Down	A930033H14Rik
31.6567	34.2821	None	Rchy1
434.6643	14.6861	Down	Cyp2c40
6.0219	10.8029	None	Sema4b
5.2009	5.2279	None	Zscan12
20.606	10.0085	Down	A230083G16Rik
10.8157	9.7353	None	Micos10
23.6243	25.0275	None	Angel2
18.5021	20.9936	None	Ube3c
10.6032	19.2539	None	Atp9a
3.1133	4.1357	None	1700030C10Rik
0.5375	0.7011	None	Fut7
41.1207	52.5984	None	Oga
3.5405	7.129	None	Rab34
0.057	0.0789	None	Nwd2
0.1614	0.5319	None	Trim72
47.9811	47.5868	None	4932702P03Rik
284.7132	235.2898	None	Lactb2
7.0279	6.8457	None	Meaf6
23.62	26.5951	None	Ssrp1
89.1549	83.8883	None	Rpl15
0.4872	1.2525	None	Lingo1
11.8189	17.3877	None	Setd2
10.9506	12.3178	None	Cep57
41.8314	382.4044	Up	Saa2
2.6451	3.0877	None	Mapk11
25.0525	15.2314	None	Gas5
5.1399	3.8808	None	Rbis
35.436	28.6051	None	Prr14
8.9773	14.3933	None	Tmem263
0.4745	0.8627	None	Nup93
46.7824	39.6161	None	Tomm40
229.8311	260.1697	None	Cnn3
0.311	1.0463	None	Hoxb7
0.3557	2.3288	Up	Rasl10b
15.0508	5.3759	Down	4931403E22Rik
46.5756	42.5744	None	Dtx3l
1.1764	1.0309	None	A930006K02Rik
3.7977	3.8242	None	Sox17
0.5962	1.6539	None	Slc7a1
0.0752	0.8108	None	Csf3
61.2402	61.5878	None	Cops7a
90.9949	154.111	None	Dusp6
225.2355	1019.3749	Up	H3f3b
0.9523	0.9732	None	Gjc1
169.7413	239.4937	None	Tmem150a
3.6882	4.6693	None	Mir1668
0.0825	0.3883	None	Meox2
42.4116	41.1981	None	Lsm4
21.3824	17.4351	None	Uspl1
1.139	2.5209	None	Tspan32
46.2631	42.2165	None	Abca3
0.1536	0.4275	None	Kcna3
53.1481	42.8894	None	Pex7
0.9061	1.8762	None	Wdr60
12.7694	12.6761	None	Polg
3.6609	38.4304	Up	Tuba8
14.531	15.3191	None	Clns1a
5.7174	4.1563	None	Mettl22
1.6309	0.562	None	9630013K17Rik
13.7672	15.5816	None	Tmem87a
18.9387	5.4496	None	Snord37
13.1411	8.9622	None	Cfhr3
10.2636	12.7364	None	R3hcc1l
51.8903	52.022	None	Dnajc14
9.9101	14.0782	None	Rcn1
6.0558	8.0295	None	Blzf1
0.4995	0.0106	Down	Col25a1
0.4715	1.1506	None	Ccl4
75.1063	26.2216	Down	Mfsd4b1
44.1136	42.9496	None	Tm6sf2
2.7919	5.9752	None	Itprip
0.7051	1.7163	None	4930415O20Rik
0.7117	2.6352	Up	Vav1
41.9537	47.8989	None	Cd99l2
8.3519	67.3995	Up	Olfml3
15.4317	16.0629	None	Zc3h10
1.2419	0.7184	None	Gm19395
11.4161	6.5148	None	Acyp1
21.1419	35.633	None	Mocos
13.2539	26.993	None	Ednrb
31.7983	31.1648	None	Crb3
17.5143	16.4908	None	E2f6
6.2905	7.9253	None	Bbs10
4.0297	1.8932	None	H2ac8
25.511	27.7072	None	Pank2
0.5596	16.5573	Up	Thbs1
896.247	458.2062	Down	Fads1
83.4928	68.9799	None	Bet1
65.1242	85.3719	None	Rtf2
4.8903	6.7873	None	Wars2
1.273	1.2436	None	Gjc3
21.8445	112.5801	Up	Ccn1
90.256	63.3021	None	Atl2
32.0764	31.3344	None	Zfp110
14.877	11.5758	None	Yif1a
8.8518	9.8876	None	Rtl8c
30.1337	29.3913	None	Pgam5
92.3513	86.0849	None	Psmd3
9.7981	11.3539	None	Alkbh1
20.306	20.0953	None	Aasdhppt
13.6207	101.4429	Up	Phospho1
0.5533	0.5126	None	Adipoq
9.4487	12.5611	None	Cyb5r1
0.0813	0.1646	None	Lrrc2
84.3083	85.5794	None	Utp3
32.118	27.4676	None	Dars
16.2156	18.5892	None	Klf11
285.9231	270.001	None	Hsp90b1
0.1954	0.2468	None	Sptbn5
3.1905	9.0933	Up	Pdlim7
12.3128	17.2108	None	AU040320
2.3961	3.7729	None	Zfp28
8.7761	4.9782	None	Slc25a21
11.0277	14.7831	None	Usp48
9.9631	7.6816	None	Blvra
3.275	3.6414	None	Snrpn
14.1838	19.7837	None	Scaf8
0.233	0.1635	None	Cdc45
65.6606	94.4902	None	Evi5
3.7954	3.6643	None	Zfp40
1.6056	4.8453	Up	Ripk3
4.0989	5.0249	None	2810002D19Rik
6.8152	7.3512	None	Ndufv2
3.6137	4.0898	None	Zfp54
30.9872	27.9622	None	Nudc
2.3159	2.7818	None	Cpm
135.5067	159.813	None	Ywhab
1.7362	2.8274	None	Gpatch1
1.7628	3.1865	None	Jaml
24.8371	24.3582	None	Nub1
14.2989	15.017	None	Rnf8
6.2976	7.3198	None	Rnf113a1
6.4023	122.2619	Up	Nr4a1
2.2387	1.7452	None	Ctnnbl1
5.9364	2.1409	None	Gm35549
72.3622	74.6013	None	Sgta
41.9137	48.9358	None	Rnf115
28.1686	31.6543	None	Taok2
17.7796	17.7341	None	Wdr73
0.2315	1.1222	None	Mis18bp1
0.4705	0.2135	None	Hormad2
41.9431	57.135	None	Akirin1
0.2912	0.2126	None	Apol11b
16.9406	12.4836	None	Ptdss2
1.107	3.829	Up	Pkia
0.3911	4.2861	Up	Gm4907
1.5958	3.2042	None	Zfp202
57.0445	83.8223	None	Rragc
70.8356	60.8518	None	Atad1
4.4226	2.3991	None	5830454E08Rik
9.7883	7.939	None	Tnfsf10
2.7039	19.018	Up	Pdgfc
17.5148	20.7479	None	Taok1
8.7958	10.0562	None	Sipa1
3.8464	3.9272	None	Haus7
0.4164	0.328	None	Nap1l5
22.1454	22.2151	None	Pnpla7
63.6481	159.1025	None	Nfkbia
49.464	40.4974	None	0610030E20Rik
49.195	34.42	None	Hyi
12.8786	21.9697	None	Mib2
13.1612	34.9956	Up	Rhoq
2.1246	2.503	None	Ccdc102a
75.2388	76.4423	None	Pcbp2
47.3196	40.6411	None	Fdx1
31.1461	34.3041	None	Usp47
3.5133	2.6523	None	Tmem138
16.1279	13.476	None	Eef1d
0.4446	0.4668	None	Thbs3
13.8819	20.8416	None	Slc35e3
4.8161	8.1636	None	Hdac7
38.2702	27.5419	None	Flad1
337.4742	467.7298	None	Gpd1
1.9305	3.7228	None	Scai
14.1818	13.6445	None	Tshz1
16.715	11.1791	None	Bco2
0.3623	0.3645	None	5730507C01Rik
1.1681	0.462	None	G630016G05Rik
42.5495	32.4629	None	Il6ra
42.1833	29.7312	None	BC003965
33.3792	40.4329	None	Plekhg3
8.9591	10.4354	None	Prr14l
0.827	0.8295	None	Ovgp1
0.0481	0.0492	None	Dnah8
23.6424	23.294	None	Zc3h18
115.1854	27.3832	Down	Pdk1
20.1658	22.8241	None	Ankrd33b
16.5117	13.9332	None	Mettl2
2.5318	5.2139	None	Msl3l2
15.9602	14.9591	None	Ccpg1os
3.8033	4.1204	None	Ktn1
20.5947	20.0608	None	Fbxw2
21.2911	16.819	None	Ndufa12
3.0023	4.0588	None	Haus6
50.8759	74.5605	None	Gbe1
10.2539	7.8054	None	Lyar
87.5341	323.2717	Up	Urml
21.0741	31.7307	None	Spata13
5.2702	6.9121	None	Ocrl
5.4159	6.1209	None	Nbn
22.73	23.7845	None	Brpf3
209.8803	83.5381	Down	Aspdh
14.2151	19.1107	None	Elk4
75.4695	62.4305	None	Gpr146
55.4358	74.6955	None	Gm7367
0.2544	0.4013	None	Aff3
0.6609	2.1986	None	Gm16159
0.0416	1.4725	Up	Adcy1
13.4938	18.4924	None	Ctr9
3.4177	4.8071	None	Zfp7
172.1264	143.4067	None	Acsf2
147.0727	129.3333	None	Coasy
2.994	4.0014	None	5730480H06Rik
8.2422	6.2882	None	Tmem39a
1.202	2.0997	None	Dnajc2
19.1948	10.2873	Down	Smyd2
11.2464	9.5594	None	Proser1
0.3555	0.1195	None	Sgpp2
1.1725	1.5486	None	Tnfrsf13b
14.2422	33.7931	Up	Foxp4
200.9296	179.5512	None	Dlst
63.2809	57.0291	None	St3gal3
44.7809	74.0663	None	Trafd1
1.4648	1.474	None	Tyms
40.2431	45.9113	None	Mir130c
33.555	32.0977	None	Wbp11
99.525	107.9914	None	Tmed9
0.4271	1.2423	None	Rftn2
13.4451	12.9243	None	Ino80e
2.8868	18.1629	Up	Dusp14
1.051	1.1338	None	B4galnt3
42.9867	47.9723	None	Papola
15.0282	17.9805	None	Rab28
212.2742	239.9078	None	Cenpb
0.3635	0.727	None	Ankrd55
10.3347	13.7881	None	B9d2
6.6934	6.0479	None	Cfap298
122.1838	79.5722	None	Phb2
10.0201	11.9577	None	Cpeb3
17.5136	17.0565	None	Sbno1
0.2066	0.1355	None	Gpr52
7.0306	7.735	None	Trrap
3.003	9.6073	Up	Pamr1
23.3167	10.5563	Down	Clcn2
31.2137	38.2238	None	Gm11837
27.9843	26.9448	None	Cptp
0.6377	3.2296	Up	Cd33
50.7465	59.909	None	Ccdc124
9.0057	18.8283	None	Nans
0.5896	1.4194	None	Gm16523
0.0581	0.3723	None	Brinp1
3.6107	3.5945	None	Letm2
2.0585	7.0148	Up	Rcan3
8.7129	8.957	None	Ecpas
11.844	13.7357	None	Wipi1
0.6595	1.0833	None	Vstm5
18.6442	20.5385	None	Smg6
16.7383	13.4763	None	Tm2d3
0.4254	0.744	None	Arhgap28
29.9993	30.5421	None	Ncl
32.6784	56.3298	None	Prg4
15.6703	18.5059	None	Klc3
14.6947	14.1124	None	Snx2
104.9913	112.8402	None	Habp2
11.9565	8.9813	None	Atp6v1h
2.2775	4.4412	None	Slfn9
1.4756	14.3108	None	Mir122
357.103	264.9189	None	Serpinf1
16.2538	17.2633	None	Ppig
0.1151	0.0853	None	Nlrp10
0.7293	2.0324	None	Spon1
0.3556	0.4851	None	Zfp979
1.7134	4.1567	None	Gdpd1
84.2334	85.4688	None	H2-T22
21.5764	26.3563	None	Mtmr3
5.5082	9.2544	None	Trip11
120.7612	38.2524	Down	Retsat
312.0951	0.329	Down	Mup15
23.2006	312.769	Up	Mup20
6.2072	2.6306	Down	Crybg3
78.9621	111.9323	None	Tex2
15.9108	54.1213	Up	Cebpd
0.3954	16.0431	Up	Osbpl3
2.8826	1.856	None	Tbc1d4
1117.5896	1060.7326	None	Mir135a-1
1.1948	1.553	None	Taf9b
9.5004	11.7829	None	Zfp644
166.5354	175.9065	None	Amdhd1
30.7719	58.703	None	Ifngr2
0.7823	0.9177	None	Ssbp2
687.0559	64.0981	Down	Cyp2c37
8.3903	9.1875	None	Kiz
3.4197	2.5213	None	Trmt10a
0.0341	0.5947	Up	Ldb3
59.4667	53.3865	None	Tmem134
4.5562	2.8054	None	Trmt61b
19.6362	20.3732	None	Vps54
1.0324	0.7895	None	Col4a3
32.8123	39.2062	None	Phf23
138.8082	107.4675	None	Slc25a42
11.8195	13.5188	None	Mir7087
11.2171	8.0138	None	Fam185a
63.5027	74.1331	None	Ubald1
58.5213	90.1671	None	Naglu
0.7164	1.6228	None	Cdon
1.2172	3.1602	None	Trim62
23.7326	34.8145	None	Nicn1
22.6752	20.427	None	Btf3l4
0.1199	2.2293	Up	B4galt2
0.5997	2.6885	Up	Corin
1.7522	6.8875	Up	Zc2hc1a
7.6874	5.7233	None	5430405H02Rik
0.7137	1.6277	None	Rad51
1.9539	1.7773	None	Chgb
35.3998	63.1701	None	Ikbkg
49.0194	33.3414	None	Rgp1
37.4584	33.294	None	Tango2
11.5526	27.6471	Up	Ntn1
432.7929	0.3448	Down	Mup8
3.3955	3.1353	None	Gm12500
26.736	24.9102	None	Psmd12
8.5733	8.0264	None	Lrrc29
0.0994	0.0241	None	Fcgbp
319.175	519.7302	None	Serpina10
32.2507	35.4961	None	Laptm4b
1.5809	1.9827	None	Mrvi1
5.0539	6.4738	None	Krtcap3
16.8564	10.8717	None	Eif1ad
0.1881	0.0118	None	Unc79
0.0352	1.0535	Up	Arsi
5.8609	2.129	Down	Jpx
0.879	0.7907	None	4933406I18Rik
20.8078	36.9875	None	Acox2
20.8448	25.7114	None	Uba2
62.0282	51.0051	None	Rnf167
5.9588	8.8236	None	Smc5
2.3145	3.0742	None	Pcnt
0.1444	0.1749	None	Pnmal2
0.223	0.7213	None	Mcoln2
67.8392	71.0191	None	Eif3j2
77.3632	60.9443	None	Pemt
3.6105	8.7489	None	Mirt2
4.9481	6.8702	None	Fam199x
0.3787	0.4196	None	Gabrd
12.8015	343.9758	Up	Lpl
20.3077	17.6439	None	Upf3b
47.3659	63.7178	None	Osbp
0.4066	0.4833	None	5730522E02Rik
34.554	25.2788	None	Oard1
30.8418	25.2167	None	Cobll1
8.1272	65.4227	Up	Myc
47.6057	45.5296	None	Nudt2
5.5261	5.2176	None	Zmym1
13.5844	13.5126	None	Aven
32.5729	48.7528	None	Cmtm4
16.6515	15.8628	None	Dcaf10
3.3895	4.0564	None	Casp8ap2
0.4163	0.3053	None	Asphd1
0.9843	2.3592	None	Siglech
8.147	10.4593	None	Atg4a
4.1634	4.5276	None	Ndufaf6
1.1635	1.1502	None	Cks1brt
1.1775	1.9884	None	Spn
4.4817	5.5215	None	Rab13
51.2359	55.6967	None	Gtf2h5
7.8183	7.8508	None	Klhl3
150.1644	114.1814	None	Zfand6
28.1552	24.4743	None	Fam20b
11.0032	24.5664	Up	Slc2a1
18.1626	12.0332	None	Wee1
14.296	32.893	Up	Marveld2
252.1568	318.9678	None	Col18a1
0.9719	0.616	None	Gp5
275.611	157.5177	None	Mpst
10.5873	12.8873	None	Ep400
0.2421	0.4184	None	Phox2a
0.3111	1.744	None	Fcamr
38.0439	25.7125	None	Foxq1
8.0154	17.7116	None	Fscn1
49.7532	64.9276	None	Scamp4
730.4045	1299.9519	None	Mir1892
2.9911	1.565	None	Asb2
33.6834	40.7201	None	Fkbp9
5.497	3.6961	None	Tm2d1
0.3587	0.2337	None	Rmi2
211.2804	636.8061	None	Mt1
28.0266	32.0688	None	Arrdc4
0.1448	0.6603	None	Rassf9
2.4329	5.6793	None	P2ry12
0.0328	0.0991	None	Faxc
3.9772	2.6803	None	Qtrt1
6.1483	5.8599	None	Kmt2c
10.401	5.2653	None	Zcrb1
0.0384	0.2123	None	Nav3
0.0586	0.6001	None	Clspn
4.4458	3.7107	None	Fgd5
34.1114	36.202	None	Pfdn1
73.0461	55.494	None	Mocs2
26.0008	28.0874	None	Glod4
6.5367	7.7962	None	Sec23ip
0.8632	0.2923	None	1700061I17Rik
6.4704	12.9033	None	Plekho2
120.637	92.7666	None	Slco1a4
0.2733	0.2164	None	Gm6583
1.7941	1.783	None	Hspa12a
166.1755	145.2877	None	Pxmp4
6.5974	10.1768	None	Dcaf12l1
37.2333	29.5423	None	Clk1
3.6441	5.5698	None	Dip2b
4.0684	3.6696	None	Spef1
37.6285	74.7995	None	Irs2
2.4518	2.3312	None	Ccne2
22.711	31.8462	None	Afdn
3.8108	4.1631	None	Pot1b
3.8328	3.0506	None	Nrarp
1.9994	2.5513	None	Cep97
68.8472	83.2268	None	Clptm1l
11.6658	23.674	None	Ctcflos
3.6251	3.6535	None	Mcrs1
20.725	21.5281	None	Stt3a
79.1202	56.0852	None	Nr1h3
171.6161	165.8989	None	Stub1
1.5371	0.4371	Down	Rgr
18.9094	20.821	None	Zer1
3.2247	3.5971	None	Osgep
86.0406	61.2378	None	Tmem19
0.9745	1.4321	None	Uggt2
13.3543	13.5169	None	Tcf3
118.4522	136.0475	None	Sfxn1
7.8604	3.0567	None	Mirlet7d
54.0002	54.5294	None	Rpl27a
3.3249	4.3923	None	Cd79b
40.0467	66.0377	None	Snord2
55.1334	46.4868	None	Zfp445
4.6062	4.8767	None	Afp
0.0237	0.3209	Up	Fzd3
20.6792	20.866	None	Ccnk
9.6772	12.2368	None	Dync1h1
20.272	10.2153	Down	Gbp7
1.3729	6.2465	Up	Miga1
1.0739	0.78	None	Gm867
0.7249	0.7802	None	Cd209f
26.541	25.3796	None	Abhd17b
12.7338	17.4594	None	Mtmr9
1.6973	7.6657	Up	Synj2
462.5684	393.6165	None	Apcs
0.1535	0.2588	None	Jag2
4.0456	9.3475	Up	Pmepa1
10.8156	0.4123	Down	Ar
63.0135	92.2089	None	Mrpl16
18.1455	14.54	None	Ddhd2
11.6889	8.6141	None	Rpl27
94.8305	78.1866	None	Mir5116
20.1189	30.0192	None	Chd4
193.277	195.2898	None	Ppib
11.5623	12.7497	None	1300002E11Rik
2.5119	1.8644	None	Heatr1
3.4791	3.7151	None	Fbxo32
30.4225	14.425	None	Mir7670
25.7193	19.305	None	Thrb
2.8556	19.7325	Up	5730416F02Rik
9.4247	6.4657	None	Zfp790
5.3749	8.6961	None	Kctd18
35.0068	52.4543	None	Spag9
13.8252	13.3805	None	Nsun4
7.103	7.1983	None	Armh3
5.9583	8.8318	None	Zfp51
0.5001	0.8186	None	Zfp382
4.7828	7.8535	None	Rrm2
20.3594	30.3198	None	Stk24
1.9048	1.8247	None	Arhgef9
2.9553	2.8281	None	Hic2
25.304	725.3881	Up	Btg2
161.4668	105.1075	None	Smim10l1
12.0543	9.3742	None	Adck2
859.1619	768.4911	None	Kng1
1.7943	3.3694	None	Zfp41
0.6443	1.5573	None	H3c11
1.4955	0.8165	None	Zfp968
6.7955	9.2499	None	Traf3ip1
9.3918	12.6305	None	Ppp1r21
163.066	233.1664	None	Gclc
3.0098	3.5722	None	Prex2
0.6372	0.7531	None	Tns4
5.2115	10.925	None	Nfam1
0.4136	2.1631	Up	Slc8a1
73.8073	90.4959	None	Mfsd2a
16.7048	20.2064	None	Cnot2
1.3497	2.0648	None	Pabpc6
4.7221	4.6631	None	Trnau1ap
4.2118	5.8901	None	D930015M05Rik
3.9851	3.713	None	Prox2
60.5777	63.8322	None	Dctn2
9.1675	10.4694	None	Dhrs13os
169.0092	174.3912	None	Trir
95.2237	82.8922	None	Ttc38
82.6604	207.4041	Up	Tmem176a
0.6459	0.4004	None	4930451G09Rik
2.1102	1.9745	None	Nrap
1.0046	2.0214	None	Prr15
22.2242	14.6627	None	Ncald
50.8853	56.4716	None	Api5
1.3001	0.5117	None	A930019D19Rik
12.769	6.3291	Down	Akr1c13
46.8738	64.5874	None	Cep85
4.3627	2.8797	None	P4ha2
68.8284	45.2493	None	Dgcr6
1.4031	1.595	None	Pde3a
161.625	148.611	None	Manf
11.9583	17.791	None	Cobl
137.9825	86.2742	None	Inhbc
3.8354	4.3158	None	Atp7a
0.0841	0.1863	None	Sobp
0.9432	2.8999	None	Prss2
0.3068	0.7007	None	Ptges
12.7005	12.2175	None	Cbarp
8.7881	10.3219	None	Rps10
38.2518	40.3421	None	Eif3c
23.6238	18.4708	None	Tent4a
2.6485	5.2774	None	Pde4a
1.3363	0.9182	None	LOC115487084
12.1047	5.3978	Down	Tpd52l1
3.6443	1.0385	Down	Sprn
2.5133	12.7287	Up	C3ar1
0.1082	1.2507	Up	Cenpf
0.7309	0.5228	None	Lrrd1
11.4942	15.1132	None	4931406P16Rik
16.3728	10.4263	None	Fbxo36
9.9416	7.314	None	Jmjd4
212.1653	375.0363	None	C4b
0.232	0.2853	None	Tnfsf8
23.5122	25.16	None	Bnip2
6.789	10.5208	None	2310022A10Rik
35.1086	32.2174	None	Yeats4
1.4297	2.103	None	Chek2
31.8482	30.996	None	Fam98a
0.5175	0.9725	None	1700030J22Rik
1.0855	2.3745	None	Atl1
0.2676	0.0759	None	Unc93a
9.1899	6.2307	None	Lrpprc
8.5091	11.8577	None	Fbxo42
33.5205	44.5097	None	Eefsec
6.2862	4.2276	None	Gm15417
16.1773	18.5766	None	Uap1
0.9406	0.8129	None	Inha
11.4543	16.1446	None	Rnf38
0.9962	3.1693	Up	Chaf1a
31.2476	30.0258	None	Lamtor3
1.9677	3.8994	None	Dtx1
3.1285	15.0925	Up	Loxl2
13.1107	12.7763	None	Ttll4
9.4737	14.2612	None	Zfp568
6.1097	4.538	None	Exoc3l
1753.6371	904.6559	Down	Ndrg2
70.6701	53.8082	None	Mrps26
10.5157	12.7511	None	Sec24b
0.2967	0.9635	None	H2-Oa
1.2309	1.7385	None	Ifi208
9.8272	20.7363	None	Megf9
14.1392	16.4505	None	Ik
62.9609	70.6855	None	Wbp1
79.908	78.0895	None	Tollip
12.637	15.0258	None	Phf20l1
1.5409	2.733	None	Gpr162
73.0488	98.9778	None	Etf1
0.1946	0.0991	None	Cr2
28.7496	35.6577	None	Tmem219
4.1297	4.0941	None	Gm9958
28.5595	26.0255	None	Ranbp1
0.1698	21.0464	Up	Gldn
10.5023	5.889	None	Tmem253
1.7744	2.7496	None	Kitl
9.7873	11.7586	None	1600020E01Rik
18.3306	62.0439	None	Csrnp1
2.3055	0.3098	Down	Camk4
17.886	13.7492	None	H2az2
2.7489	1.2769	Down	Zfp560
0.027	7.937	Up	Gpnmb
77.9675	97.5539	None	Sdr39u1
20.238	26.3061	None	Pptc7
0.5023	3.5399	Up	Aoah
0.6297	0.0991	None	Penk
1.2936	5.2362	Up	Spidr
1.2947	3.4208	None	Tlr6
0.2688	0.2225	None	Serpinb7
138.9349	86.6038	None	Bbox1
0.8835	0.1526	None	Rnf212b
3.2852	7.7101	Up	Tnfaip8
39.1806	39.3966	None	Taf15
17.4377	18.7285	None	Nav2
73.4722	78.305	None	Gnas
3.2924	25.2116	Up	Il22ra1
0.7138	0.8485	None	Zfp458
89.6751	94.8944	None	Tmem70
0.0533	0.2368	None	Skint3
51.7744	38.9927	None	Tmem222
51.925	57.4858	None	Cpq
1.9396	2.3766	None	Nup37
69.237	76.2363	None	Wsb2
7.551	9.2775	None	Mgp
2.179	1.0847	None	Clec3b
2.0956	1.3779	None	D030028A08Rik
19.3723	20.429	None	Mpg
0.3764	1.163	None	BC147527
46.9597	48.3089	None	Khsrp
1.4051	1.3573	None	Fam189a2
20.8237	13.4785	None	Gng5
1.5353	1.0257	None	Tmem252
1.48	6.0759	Up	Fbln2
9.1947	0.722	Down	Meg3
4.0786	6.3055	None	Chp2
57.9345	68.5831	None	Erlin1
33.8552	33.2048	None	Bad
38.8539	551.6351	Up	Orm2
1.3679	2.3625	None	Jrk
0.7799	0.6806	None	2610206C17Rik
90.9459	88.4583	None	Nsmf
0.0502	0.1354	None	Plxnb3
15.462	9.8533	None	Rps27a
8.6613	4.5295	None	Vamp1
9.7822	9.3965	None	Zbtb38
2.7947	7.5954	Up	Ikbip
4.0129	6.2979	None	2500004C02Rik
55.961	60.6598	None	Kcnk5
161.512	167.181	None	Ube2l6
0.0706	0.0548	None	Myo18b
76.9543	67.9371	None	Srsf1
7845.9126	6748.1983	None	Gpx1
0.8887	0.3086	None	Gm4432
10.1569	11.3522	None	Wdr33
4.6273	6.7183	None	Stk11ip
580.1297	467.6141	None	Msmo1
6.0258	8.6687	None	Cd24a
0.0833	0.359	None	Angpt4
18.9615	9.3211	None	Mir1901
12.8868	15.3553	None	Ep300
1.1256	2.4915	None	Mgat4a
6.1645	10.9055	None	Tlr3
4.723	1.4911	Down	Nat8
4.1223	1.0482	None	1700120K04Rik
1.0791	2.1755	None	Ccnb2
1.8263	2.2153	None	Jam3
16.1273	19.0088	None	Atg2a
4.6353	5.5912	None	Serf1
0.4185	0.6557	None	Eif5a2
5.9734	7.0523	None	Ntmt1
13.7143	19.8588	None	Tmem199
13.5801	15.1956	None	Mageh1
5.9476	11.2245	None	Atp13a2
39.221	38.5994	None	Rsl1d1
1.46	3.8683	None	Hey1
11.4201	6.94	None	Mccc1
40.2461	43.2812	None	Nme1
651.5925	151.6783	Down	Cyp2c50
7.9156	9.2579	None	Zfp113
0.3485	5.167	Up	Tmem139
3.7471	8.2613	None	E230016M11Rik
95.2056	90.738	None	Mmp19
8.9372	9.6827	None	Sumf2
101.8867	90.6559	None	Dhrs1
34.5002	29.2044	None	Adprm
13.0949	20.7212	None	Pcdhga8
61.6064	46.2534	None	Mtln
14.8188	25.1462	None	Map7
14.234	15.8307	None	Zfp523
19.7565	17.4142	None	Abcb8
8.7947	33.5569	Up	Gltp
0.0562	0.2369	None	Adam7
17.4556	16.4069	None	Foxk2
1.8833	9.1867	Up	Rftn1
20.9553	40.8412	None	Plec
0.3743	0.1433	None	LOC100861978
0.5698	2.0759	None	Cd300ld5
0.1657	0.7683	None	Pstpip1
19.4913	21.8961	None	4833420G17Rik
18.5686	17.2224	None	Psmb2
8.0853	4.6192	None	Npr1
0.5353	0.4353	None	Reep2
2.631	3.6363	None	Smarcal1
8.7219	3.1997	Down	Fn3k
35.5357	46.7102	None	Mbnl2
30.7928	35.8814	None	Ric8a
0.8178	1.4296	None	4931431C16Rik
767.8844	679.2895	None	F2
1.8475	0.805	None	Gm13872
4.2116	4.9604	None	Cdan1
4.7231	6.6778	None	Slc25a48
12.2919	16.0357	None	A630066F11Rik
28.1799	36.7761	None	Rcc2
11.6877	13.3793	None	Zscan25
4.5839	6.4672	None	Ntn4
26.5671	27.2457	None	Ppp4r3b
5.1755	11.3714	None	Arl4c
